Año,Trimestre,Provincia,HASTA 512 kbps,+ 512 Kbps - 1 Mbps,+ 1 Mbps - 6 Mbps,+ 6 Mbps - 10 Mbps,+ 10 Mbps - 20 Mbps,+ 20 Mbps - 30 Mbps,+ 30 Mbps,OTROS,Total,Fecha
2022,1,Buenos Aires,31.591,30.056,313382,321.756,290.127,161.183,3381049,26.28,4555424,2022-03-01
2022,1,Capital Federal,527.0,5.575,39918,77.39,61.053,43.289,1188072,1.717,1417541,2022-03-01
2022,1,Catamarca,71.0,456.0,4386,7.009,8.773,3.761,35715,2.207,62378,2022-03-01
2022,1,Chaco,461.0,1.099,16888,21.235,20.898,13.012,62946,7.58,144119,2022-03-01
2022,1,Chubut,113.0,1.677,61369,31.856,33.08,13.871,14055,15.607,171628,2022-03-01
2022,1,Córdoba,100.0,12.782,165922,126.009,73.967,34.892,577027,13.104,1003803,2022-03-01
2022,1,Corrientes,67.0,4.029,24563,25.665,27.077,10.452,43631,7.094,142578,2022-03-01
2022,1,Entre Ríos,107.0,5.745,50075,49.62,42.294,21.578,81757,16.75,267926,2022-03-01
2022,1,Formosa,97.0,448.0,24113,6.945,6.613,716.0,15028,588.0,54548,2022-03-01
2022,1,Jujuy,58.0,1.761,22141,16.321,37.923,576.0,35287,2.442,116509,2022-03-01
2022,1,La Pampa,301.0,2.223,62812,9.869,12.044,5.25,14400,2.833,109732,2022-03-01
2022,1,La Rioja,18.0,778.0,3576,4.692,23.624,5.645,45970,0.0,84303,2022-03-01
2022,1,Mendoza,114.0,3.355,51230,26.407,74.178,21.566,95048,3.287,275185,2022-03-01
2022,1,Misiones,51.0,3.873,35655,22.261,26.855,15.854,58610,8.349,171508,2022-03-01
2022,1,Neuquén,137.0,1.123,39856,15.623,11.163,2.654,71238,7.885,149679,2022-03-01
2022,1,Río Negro,116.0,1.383,35565,18.859,26.926,14.144,37729,22.652,157374,2022-03-01
2022,1,Salta,114.0,1.725,35576,68.246,6.313,2.214,76838,6.489,197515,2022-03-01
2022,1,San Juan,26.0,2.269,32356,11.914,25.144,2.088,11916,2.465,88178,2022-03-01
2022,1,San Luis,61.0,643.0,8287,3.837,9.802,68.612,13,28.589,119844,2022-03-01
2022,1,Santa Cruz,51.0,6.898,12710,11.502,12.277,2.628,2551,485.0,49102,2022-03-01
2022,1,Santa Fe,468.0,12.435,143796,208.361,84.787,58.018,344170,18.444,870479,2022-03-01
2022,1,Santiago Del Estero,178.0,1.401,30220,61.17,13.542,849.0,8309,792.0,116461,2022-03-01
2022,1,Tierra Del Fuego,24.0,894.0,12849,15.64,18.034,1.767,982,2.421,52611,2022-03-01
2022,1,Tucumán,39.0,2.212,36028,46.961,21.014,5.211,133846,273.0,245584,2022-03-01
2021,4,Buenos Aires,37.821,11.026,352950,331.292,297.296,196.021,3259793,22.958,4509157,2021-12-01
2021,4,Capital Federal,563.0,1.695,47133,81.899,66.135,66.755,1147939,0.0,1412119,2021-12-01
2021,4,Catamarca,71.0,0.0,6038,7.855,9.804,3.262,29827,2.233,59090,2021-12-01
2021,4,Chaco,461.0,112.0,18845,22.678,21.937,13.692,58435,7.585,143745,2021-12-01
2021,4,Chubut,126.0,1.294,63698,39.568,31.175,5.78,2904,15.763,160308,2021-12-01
2021,4,Córdoba,100.0,2.479,184548,130.892,76.246,41.198,538700,12.607,986770,2021-12-01
2021,4,Corrientes,67.0,645.0,28830,26.368,22.922,10.087,39911,7.082,135912,2021-12-01
2021,4,Entre Ríos,107.0,3.024,56043,49.636,38.295,24.068,77290,16.583,265046,2021-12-01
2021,4,Formosa,84.0,0.0,22908,6.983,6.811,1.135,13775,1.967,53663,2021-12-01
2021,4,Jujuy,58.0,175.0,22446,16.793,38.134,564.0,33421,2.324,113915,2021-12-01
2021,4,La Pampa,301.0,493.0,64840,9.082,12.259,4.821,12184,3.027,107007,2021-12-01
2021,4,La Rioja,18.0,1.0,5018,5.437,23.559,5.671,43424,0.0,83128,2021-12-01
2021,4,Mendoza,156.0,1.463,66428,30.308,75.214,18.621,75031,366.0,267587,2021-12-01
2021,4,Misiones,51.0,5.0,41916,23.554,26.721,15.954,54596,8.335,171132,2021-12-01
2021,4,Neuquén,140.0,940.0,42313,13.264,10.515,3.31,69217,7.767,147466,2021-12-01
2021,4,Río Negro,156.0,1.174,38373,19.878,31.255,4.13,36142,22.645,153753,2021-12-01
2021,4,Salta,114.0,20.0,40673,69.324,6.642,3.535,72622,6.475,199405,2021-12-01
2021,4,San Juan,44.0,1.442,28906,10.955,23.978,398.0,9800,4.435,79958,2021-12-01
2021,4,San Luis,62.0,264.0,8550,4.276,9.107,67.363,9,29.218,118849,2021-12-01
2021,4,Santa Cruz,52.0,297.0,20305,11.641,13.054,1.77,876,491.0,48486,2021-12-01
2021,4,Santa Fe,467.0,581.0,169706,206.856,85.69,62.349,322015,18.777,866441,2021-12-01
2021,4,Santiago Del Estero,178.0,909.0,31915,61.524,12.205,800.0,7537,793.0,115861,2021-12-01
2021,4,Tierra Del Fuego,26.0,385.0,13505,16.534,16.562,1.748,1017,2.58,52357,2021-12-01
2021,4,Tucumán,39.0,97.0,37321,48.736,21.023,5.326,125857,240.0,238639,2021-12-01
2021,3,Buenos Aires,37.193,31.149,1108940,248.153,141.383,192.797,2482266,9.728,4251609,2021-09-01
2021,3,Capital Federal,295.0,603.0,156978,67.013,39.785,73.502,1075229,0.0,1413405,2021-09-01
2021,3,Catamarca,71.0,0.0,6755,8.428,10.517,1.659,26618,2.206,56254,2021-09-01
2021,3,Chaco,301.0,112.0,22545,20.986,23.852,14.412,49705,7.958,139871,2021-09-01
2021,3,Chubut,104.0,105.0,89168,26.281,18.538,5.32,1643,14.907,156066,2021-09-01
2021,3,Córdoba,99.0,2.452,204989,141.285,65.05,47.198,476459,9.256,946788,2021-09-01
2021,3,Corrientes,67.0,645.0,29629,28.478,24.792,9.687,35468,5.053,133819,2021-09-01
2021,3,Entre Ríos,107.0,3.024,61354,59.776,39.114,16.284,67961,12.755,260375,2021-09-01
2021,3,Formosa,381.0,0.0,22778,7.142,6.978,1.192,12707,1.617,52795,2021-09-01
2021,3,Jujuy,48.0,175.0,23884,16.417,37.755,561.0,29917,2.401,111158,2021-09-01
2021,3,La Pampa,298.0,313.0,65063,7.395,8.737,4.023,10506,4.152,100487,2021-09-01
2021,3,La Rioja,18.0,1.0,5366,5.979,23.315,4.868,42613,0.0,82160,2021-09-01
2021,3,Mendoza,36.0,31.0,151871,12.64,62.628,7.596,21087,50.0,255939,2021-09-01
2021,3,Misiones,51.0,5.0,41932,25.099,26.079,14.792,42291,8.279,158528,2021-09-01
2021,3,Neuquén,112.0,327.0,57441,8.566,6.234,3.631,57919,5.579,139809,2021-09-01
2021,3,Río Negro,125.0,557.0,68991,3.73,14.88,2.282,34011,20.009,144585,2021-09-01
2021,3,Salta,101.0,20.0,41431,70.104,6.962,3.878,67010,6.327,195833,2021-09-01
2021,3,San Juan,18.0,333.0,59873,752.0,13.25,338.0,278,4.641,79483,2021-09-01
2021,3,San Luis,60.0,0.0,11552,2.405,6.491,67.942,22,29.392,117864,2021-09-01
2021,3,Santa Cruz,50.0,0.0,30561,8.365,6.799,1.788,678,735.0,48976,2021-09-01
2021,3,Santa Fe,467.0,579.0,193207,201.25,83.941,55.08,290793,16.267,841584,2021-09-01
2021,3,Santiago Del Estero,123.0,909.0,32752,61.838,11.274,801.0,6863,898.0,115458,2021-09-01
2021,3,Tierra Del Fuego,17.0,0.0,23723,13.397,9.782,1.433,976,895.0,50223,2021-09-01
2021,3,Tucumán,32.0,97.0,39446,50.293,21.986,5.3,115154,164.0,232472,2021-09-01
2021,2,Buenos Aires,37.192,31.178,1096049,244.001,140.322,236.897,2337604,9.108,4132351,2021-06-01
2021,2,Capital Federal,294.0,603.0,157558,73.568,43.859,86.655,1037752,66.0,1400355,2021-06-01
2021,2,Catamarca,71.0,0.0,7219,9.091,6.828,4.941,25388,2.206,55744,2021-06-01
2021,2,Chaco,301.0,112.0,23444,21.574,24.032,16.069,47239,7.958,140729,2021-06-01
2021,2,Chubut,104.0,105.0,89639,22.605,16.604,3.896,1112,5.172,139237,2021-06-01
2021,2,Córdoba,99.0,2.452,201757,136.516,66.95,70.824,442357,9.925,930880,2021-06-01
2021,2,Corrientes,67.0,645.0,29419,27.037,24.524,10.059,32697,5.053,129501,2021-06-01
2021,2,Entre Ríos,107.0,3.024,63518,55.349,39.468,18.484,61605,16.077,257632,2021-06-01
2021,2,Formosa,381.0,0.0,22364,7.31,7.46,1.341,11077,1.618,51551,2021-06-01
2021,2,Jujuy,48.0,175.0,24182,16.577,37.908,607.0,29950,2.401,111848,2021-06-01
2021,2,La Pampa,298.0,554.0,64146,7.769,8.128,3.399,9311,4.062,97667,2021-06-01
2021,2,La Rioja,18.0,1.0,5312,5.971,23.298,4.825,42158,19.0,81602,2021-06-01
2021,2,Mendoza,36.0,31.0,137462,10.886,56.117,4.403,20686,50.0,229671,2021-06-01
2021,2,Misiones,51.0,5.0,41643,25.907,25.811,16.172,38308,8.279,156176,2021-06-01
2021,2,Neuquén,112.0,327.0,57713,8.631,5.871,5.943,54008,5.645,138250,2021-06-01
2021,2,Río Negro,125.0,557.0,69356,3.663,15.019,3.867,31488,20.009,144084,2021-06-01
2021,2,Salta,101.0,20.0,42543,67.012,7.099,9.654,58882,6.328,191639,2021-06-01
2021,2,San Juan,18.0,333.0,59989,784.0,12.55,340.0,278,4.641,78933,2021-06-01
2021,2,San Luis,60.0,0.0,11752,2.703,5.418,65.946,22,36.917,122818,2021-06-01
2021,2,Santa Cruz,50.0,0.0,30595,8.463,6.888,1.575,676,735.0,48982,2021-06-01
2021,2,Santa Fe,467.0,896.0,202018,204.077,80.452,75.195,262124,15.371,840600,2021-06-01
2021,2,Santiago Del Estero,123.0,909.0,32034,62.224,10.359,811.0,6064,1.566,114090,2021-06-01
2021,2,Tierra Del Fuego,17.0,0.0,21335,6.913,4.58,476.0,889,1.483,35693,2021-06-01
2021,2,Tucumán,32.0,97.0,40224,51.648,23.732,5.022,109616,2.68,233051,2021-06-01
2021,1,Buenos Aires,36.939,31.187,1108368,240.52,163.747,222.061,2246313,10.867,4060002,2021-03-01
2021,1,Capital Federal,135.0,244.0,159662,76.753,56.457,83.255,1003041,126.0,1379673,2021-03-01
2021,1,Catamarca,71.0,0.0,7423,8.455,10.115,712.0,22996,2.196,51968,2021-03-01
2021,1,Chaco,301.0,112.0,24357,22.102,27.556,14.496,42462,8.384,139770,2021-03-01
2021,1,Chubut,106.0,109.0,86986,21.401,15.392,2.844,1112,4.39,132340,2021-03-01
2021,1,Córdoba,93.0,2.386,211799,135.092,74.659,71.984,402191,12.677,910881,2021-03-01
2021,1,Corrientes,67.0,527.0,31544,26.223,26.169,9.001,27641,5.453,126625,2021-03-01
2021,1,Entre Ríos,105.0,2.911,67255,56.06,42.432,15.774,54600,12.826,251963,2021-03-01
2021,1,Formosa,56.0,0.0,22409,7.569,7.916,1.215,9579,1.942,50686,2021-03-01
2021,1,Jujuy,49.0,175.0,23735,17.293,40.649,568.0,25609,2.378,110456,2021-03-01
2021,1,La Pampa,298.0,554.0,68200,7.864,7.611,2.786,7368,2.424,97105,2021-03-01
2021,1,La Rioja,18.0,1.0,36749,5.968,4.604,215.0,5074,-1.0,52628,2021-03-01
2021,1,Mendoza,28.0,40.0,134386,11.216,52.533,4.061,16615,44.0,218923,2021-03-01
2021,1,Misiones,51.0,524.0,40949,25.503,27.101,14.05,32953,8.256,149387,2021-03-01
2021,1,Neuquén,116.0,327.0,56171,8.443,5.903,5.677,50840,5.758,133235,2021-03-01
2021,1,Río Negro,125.0,466.0,70011,4.187,13.045,3.642,29589,20.103,141168,2021-03-01
2021,1,Salta,109.0,20.0,40785,68.149,9.164,8.139,54889,6.319,187574,2021-03-01
2021,1,San Juan,25.0,194.0,60439,858.0,11.494,340.0,276,4.641,78267,2021-03-01
2021,1,San Luis,58.0,0.0,11889,2.926,4.429,62.913,22,36.917,119154,2021-03-01
2021,1,Santa Cruz,50.0,0.0,30655,8.334,6.987,1.337,647,-1.945,46065,2021-03-01
2021,1,Santa Fe,518.0,891.0,201632,204.458,91.846,65.476,236924,24.382,826127,2021-03-01
2021,1,Santiago Del Estero,123.0,909.0,33884,58.464,8.549,700.0,4868,4.144,111641,2021-03-01
2021,1,Tierra Del Fuego,17.0,0.0,21379,1.468,4.317,486.0,919,11.836,40422,2021-03-01
2021,1,Tucumán,29.0,97.0,42810,53.416,25.255,4.188,103437,2.68,231912,2021-03-01
2020,4,Buenos Aires,36.939,31.197,1109865,242.243,214.171,213.588,2176242,9.016,4033261,2020-12-01
2020,4,Capital Federal,135.0,244.0,160210,78.123,60.208,80.269,1000073,268.0,1379530,2020-12-01
2020,4,Catamarca,71.0,0.0,8843,8.74,11.436,591.0,20406,2.309,52396,2020-12-01
2020,4,Chaco,301.0,112.0,24782,22.479,26.802,15.701,40949,7.965,139091,2020-12-01
2020,4,Chubut,106.0,109.0,88157,21.824,12.046,2.818,1112,4.402,130574,2020-12-01
2020,4,Córdoba,119.0,2.386,214963,135.262,82.221,70.013,384169,13.568,902701,2020-12-01
2020,4,Corrientes,67.0,527.0,31900,26.321,25.687,9.383,26789,4.985,125659,2020-12-01
2020,4,Entre Ríos,105.0,2.911,65659,53.556,40.755,16.6,53141,14.654,247381,2020-12-01
2020,4,Formosa,56.0,0.0,23540,7.606,7.181,1.197,8946,1.68,50206,2020-12-01
2020,4,Jujuy,49.0,182.0,23772,14.379,44.93,446.0,19282,2.811,105851,2020-12-01
2020,4,La Pampa,298.0,554.0,70184,8.124,6.562,2.396,6257,2.52,96895,2020-12-01
2020,4,La Rioja,18.0,1.0,36906,6.06,4.633,181.0,4979,0.0,52778,2020-12-01
2020,4,Mendoza,28.0,40.0,146312,11.172,40.396,3.378,11557,2.57,215453,2020-12-01
2020,4,Misiones,51.0,524.0,39988,26.078,26.445,14.81,32264,7.001,147161,2020-12-01
2020,4,Neuquén,116.0,327.0,56434,8.478,5.791,5.493,50776,5.72,133135,2020-12-01
2020,4,Río Negro,125.0,466.0,70305,4.153,13.131,3.512,29372,20.146,141210,2020-12-01
2020,4,Salta,109.0,514.0,41443,68.829,15.188,8.291,46697,6.319,187390,2020-12-01
2020,4,San Juan,25.0,194.0,61316,740.0,5.126,332.0,275,4.588,72596,2020-12-01
2020,4,San Luis,58.0,0.0,14020,3.49,2.688,62.239,22,36.918,119435,2020-12-01
2020,4,Santa Cruz,47.0,0.0,27173,4.382,6.634,1.033,647,758.0,40674,2020-12-01
2020,4,Santa Fe,518.0,891.0,206372,203.793,94.246,65.145,226246,23.602,820813,2020-12-01
2020,4,Santiago Del Estero,123.0,909.0,34518,57.59,4.666,411.0,4520,3.932,106669,2020-12-01
2020,4,Tierra Del Fuego,17.0,0.0,21881,6.119,3.497,488.0,922,6.69,39614,2020-12-01
2020,4,Tucumán,29.0,97.0,44095,54.334,32.155,4.105,93594,2.68,231089,2020-12-01
2020,3,Buenos Aires,37.542,31.514,1113823,234.71,219.772,194.248,2085815,19.853,3937277,2020-09-01
2020,3,Capital Federal,264.0,312.0,162222,85.083,68.753,78.028,977766,247.0,1372675,2020-09-01
2020,3,Catamarca,63.0,0.0,8276,8.768,11.195,562.0,18886,2.154,49904,2020-09-01
2020,3,Chaco,308.0,112.0,24675,21.639,27.546,13.751,38729,7.194,133954,2020-09-01
2020,3,Chubut,158.0,109.0,87559,22.114,12.217,2.818,1110,3.942,130027,2020-09-01
2020,3,Córdoba,168.0,3.064,218599,124.833,84.236,63.823,361021,11.728,867472,2020-09-01
2020,3,Corrientes,72.0,527.0,35190,23.315,25.308,8.615,25344,5.02,123391,2020-09-01
2020,3,Entre Ríos,130.0,2.911,66648,51.478,40.797,14.377,49395,15.759,241495,2020-09-01
2020,3,Formosa,391.0,151.0,23163,7.432,7.125,991.0,8219,1.737,49209,2020-09-01
2020,3,Jujuy,55.0,182.0,32131,10.566,45.198,293.0,15238,3.065,106728,2020-09-01
2020,3,La Pampa,293.0,810.0,66695,7.82,5.577,2.189,6322,4.029,93735,2020-09-01
2020,3,La Rioja,21.0,1.0,37105,5.955,4.66,124.0,4748,2.0,52616,2020-09-01
2020,3,Mendoza,58.0,40.0,141404,12.123,42.433,3.448,8237,45.0,207788,2020-09-01
2020,3,Misiones,71.0,524.0,39005,24.215,25.942,13.663,30987,8.779,143186,2020-09-01
2020,3,Neuquén,218.0,327.0,60463,6.561,5.975,5.449,49439,803.0,129235,2020-09-01
2020,3,Río Negro,114.0,466.0,68986,3.769,7.096,3.455,28488,19.093,131467,2020-09-01
2020,3,Salta,129.0,514.0,32780,64.736,15.99,7.928,43773,14.996,180846,2020-09-01
2020,3,San Juan,48.0,194.0,65526,711.0,6.529,41.0,128,4.15,77327,2020-09-01
2020,3,San Luis,105.0,0.0,12199,3.351,2.666,61.319,8,36.917,116565,2020-09-01
2020,3,Santa Cruz,66.0,0.0,26888,4.015,6.73,629.0,120,833.0,39281,2020-09-01
2020,3,Santa Fe,568.0,1.241,213353,199.381,92.095,58.797,210562,27.001,802998,2020-09-01
2020,3,Santiago Del Estero,133.0,909.0,33287,57.418,4.658,292.0,3994,4.801,105492,2020-09-01
2020,3,Tierra Del Fuego,11.0,0.0,22094,5.414,3.726,481.0,937,6.992,39655,2020-09-01
2020,3,Tucumán,52.0,97.0,45913,54.61,33.126,3.246,84195,2.637,223876,2020-09-01
2020,2,Buenos Aires,37.542,31.606,1129236,241.336,233.132,188.995,1894466,21.233,3777546,2020-06-01
2020,2,Capital Federal,264.0,312.0,166474,94.585,79.858,80.16,935481,687.0,1357821,2020-06-01
2020,2,Catamarca,63.0,0.0,8801,8.69,10.242,426.0,16578,3.176,47976,2020-06-01
2020,2,Chaco,308.0,928.0,24350,21.14,29.044,12.082,33311,6.969,128132,2020-06-01
2020,2,Chubut,158.0,109.0,69578,22.188,10.537,1.473,614,3.999,108656,2020-06-01
2020,2,Córdoba,168.0,4.383,219025,125.932,89.53,63.216,325243,8.971,836468,2020-06-01
2020,2,Corrientes,72.0,527.0,34242,22.845,25.844,7.898,22418,5.02,118866,2020-06-01
2020,2,Entre Ríos,130.0,3.679,66758,50.64,42.09,12.856,43391,14.569,234113,2020-06-01
2020,2,Formosa,391.0,151.0,23534,7.109,6.998,961.0,7475,1.313,47932,2020-06-01
2020,2,Jujuy,55.0,182.0,30548,10.519,26.829,209.0,9417,16.557,94316,2020-06-01
2020,2,La Pampa,293.0,810.0,71218,7.531,3.8,1.657,3377,1.123,89809,2020-06-01
2020,2,La Rioja,21.0,1.0,37375,5.661,4.686,73.0,4336,2.0,52155,2020-06-01
2020,2,Mendoza,58.0,40.0,142253,12.439,35.274,3.248,5422,2.45,201184,2020-06-01
2020,2,Misiones,71.0,524.0,39867,23.719,26.445,12.305,28763,8.646,140340,2020-06-01
2020,2,Neuquén,218.0,327.0,61171,6.103,6.625,5.296,46432,0.0,126172,2020-06-01
2020,2,Río Negro,114.0,466.0,70817,3.335,7.498,3.246,26953,17.057,129486,2020-06-01
2020,2,Salta,129.0,514.0,41801,64.463,16.989,7.741,39594,6.531,177762,2020-06-01
2020,2,San Juan,48.0,194.0,59113,917.0,4.908,40.0,127,4.43,69777,2020-06-01
2020,2,San Luis,105.0,0.0,11439,3.585,1.934,60.889,8,35.992,113952,2020-06-01
2020,2,Santa Cruz,66.0,0.0,26938,4.166,6.541,546.0,119,493.0,38869,2020-06-01
2020,2,Santa Fe,568.0,2.061,213054,198.772,96.575,57.236,189473,20.193,777932,2020-06-01
2020,2,Santiago Del Estero,133.0,1.779,32557,57.709,5.178,247.0,3328,4.516,105447,2020-06-01
2020,2,Tierra Del Fuego,11.0,0.0,22325,5.186,3.034,391.0,796,7.446,39189,2020-06-01
2020,2,Tucumán,52.0,97.0,49028,54.537,34.184,2.246,74377,2.635,217156,2020-06-01
2020,1,Buenos Aires,38.215,36.802,1122034,236.421,247.977,205.78,1802583,28.935,3718747,2020-03-01
2020,1,Capital Federal,264.0,312.0,169651,102.254,89.665,85.899,906009,0.0,1354054,2020-03-01
2020,1,Catamarca,63.0,0.0,8838,7.543,9.558,408.0,10299,2.151,38860,2020-03-01
2020,1,Chaco,308.0,928.0,23291,19.976,29.851,10.416,28539,6.917,120226,2020-03-01
2020,1,Chubut,158.0,109.0,69586,12.957,7.756,1.24,614,4.5,96920,2020-03-01
2020,1,Córdoba,142.0,5.128,217229,120.188,95.827,65.733,296875,9.802,810924,2020-03-01
2020,1,Corrientes,72.0,527.0,33479,21.382,26.679,7.351,19467,4.78,113737,2020-03-01
2020,1,Entre Ríos,130.0,4.081,72280,47.132,41.125,11.988,39794,13.762,230292,2020-03-01
2020,1,Formosa,1.127,342.0,23761,6.5,6.564,964.0,6918,100.0,46276,2020-03-01
2020,1,Jujuy,55.0,182.0,33120,9.979,26.693,166.0,7349,16.545,94089,2020-03-01
2020,1,La Pampa,293.0,811.0,72740,7.199,3.029,1.342,2113,1.618,89145,2020-03-01
2020,1,La Rioja,21.0,1.0,37209,5.158,4.64,22.0,1294,0.0,48345,2020-03-01
2020,1,Mendoza,58.0,40.0,140410,12.285,17.489,2.86,3818,0.0,176960,2020-03-01
2020,1,Misiones,71.0,524.0,36622,21.271,26.433,11.581,26313,10.885,133700,2020-03-01
2020,1,Neuquén,218.0,327.0,60152,5.257,7.123,5.399,43738,0.0,122214,2020-03-01
2020,1,Río Negro,114.0,466.0,69154,2.93,7.857,3.199,25488,17.719,126927,2020-03-01
2020,1,Salta,129.0,514.0,38537,63.714,17.991,8.625,34744,6.441,170695,2020-03-01
2020,1,San Juan,48.0,194.0,59787,1.594,1.292,40.0,127,4.779,67861,2020-03-01
2020,1,San Luis,105.0,0.0,11322,4.164,525.0,58.258,5,36.075,110454,2020-03-01
2020,1,Santa Cruz,67.0,11.0,27447,4.993,5.169,529.0,119,0.0,38335,2020-03-01
2020,1,Santa Fe,696.0,2.994,217553,196.826,104.56,48.448,173823,17.656,762556,2020-03-01
2020,1,Santiago Del Estero,133.0,1.779,33086,56.884,3.737,135.0,2799,4.501,103054,2020-03-01
2020,1,Tierra Del Fuego,11.0,1.0,22976,5.024,1.834,196.0,518,7.046,37606,2020-03-01
2020,1,Tucumán,52.0,97.0,49555,50.383,31.096,1.73,67536,0.0,200449,2020-03-01
2019,4,Buenos Aires,33.489,27.537,1177446,262.297,247.106,452.57,1465133,28.131,3693709,2019-12-01
2019,4,Capital Federal,307.0,15.0,177098,110.218,110.852,205.81,754299,0.0,1358599,2019-12-01
2019,4,Catamarca,63.0,0.0,9945,7.619,9.305,804.0,7477,2.151,37364,2019-12-01
2019,4,Chaco,83.0,0.0,25899,18.959,30.902,13.516,21556,6.917,117832,2019-12-01
2019,4,Chubut,158.0,4.0,69405,12.945,7.615,1.24,614,4.5,96481,2019-12-01
2019,4,Córdoba,142.0,0.0,232781,118.232,109.33,114.111,221742,9.802,806140,2019-12-01
2019,4,Corrientes,72.0,0.0,35055,20.62,27.367,9.981,15744,4.78,113619,2019-12-01
2019,4,Entre Ríos,47.0,0.0,88203,44.511,42.962,18.976,30153,15.107,239959,2019-12-01
2019,4,Formosa,1.127,191.0,24606,6.319,6.788,1.766,5671,100.0,46568,2019-12-01
2019,4,Jujuy,55.0,0.0,32920,9.632,26.764,102.0,5286,16.545,91304,2019-12-01
2019,4,La Pampa,293.0,313.0,76747,6.9,1.951,1.287,1342,1.618,90451,2019-12-01
2019,4,La Rioja,21.0,0.0,37851,5.045,4.763,22.0,1305,0.0,49007,2019-12-01
2019,4,Mendoza,746.0,9.0,145139,12.955,15.237,2.165,2628,0.0,178879,2019-12-01
2019,4,Misiones,71.0,0.0,39664,20.84,27.305,15.626,20799,11.656,135961,2019-12-01
2019,4,Neuquén,218.0,1.0,57742,4.439,7.357,12.059,35001,122.0,116939,2019-12-01
2019,4,Río Negro,114.0,0.0,71847,2.797,8.558,6.968,19837,17.719,127840,2019-12-01
2019,4,Salta,149.0,1.0,42159,67.656,15.369,14.17,25821,7.435,172760,2019-12-01
2019,4,San Juan,48.0,1.0,60626,1.594,1.292,40.0,127,4.779,68507,2019-12-01
2019,4,San Luis,105.0,0.0,11901,4.164,525.0,55.216,3,36.075,107989,2019-12-01
2019,4,Santa Cruz,67.0,0.0,32368,4.346,2.224,7.0,8,0.0,39020,2019-12-01
2019,4,Santa Fe,698.0,0.0,230234,190.664,113.527,70.998,135576,18.576,760273,2019-12-01
2019,4,Santiago Del Estero,133.0,908.0,34911,56.309,3.756,105.0,2449,4.501,103072,2019-12-01
2019,4,Tierra Del Fuego,11.0,0.0,23593,5.05,1.848,139.0,1962,9.648,42251,2019-12-01
2019,4,Tucumán,55.0,0.0,54544,52.017,28.916,6.405,56720,0.0,198657,2019-12-01
2019,3,Buenos Aires,238.92,44.648,1432722,222.812,260.506,483.572,1246209,42.294,3971683,2019-09-01
2019,3,Capital Federal,104.0,368.0,269704,120.924,138.011,258.591,655108,0.0,1442810,2019-09-01
2019,3,Catamarca,34.0,43.0,14449,9.285,6.333,72.0,15,2.151,32382,2019-09-01
2019,3,Chaco,69.0,1.216,32764,28.198,13.336,12.987,16740,6.917,112227,2019-09-01
2019,3,Chubut,74.0,840.0,62680,13.033,7.171,1.24,614,4.5,90152,2019-09-01
2019,3,Córdoba,83.0,5.824,240151,106.651,118.486,146.247,157546,7.353,782341,2019-09-01
2019,3,Corrientes,10.0,597.0,42231,29.628,10.348,10.388,12674,4.78,110656,2019-09-01
2019,3,Entre Ríos,19.0,4.446,99656,56.161,17.064,21.216,22645,15.107,236314,2019-09-01
2019,3,Formosa,1.11,349.0,24943,6.049,7.117,2.262,4443,100.0,46373,2019-09-01
2019,3,Jujuy,27.0,885.0,31722,9.24,26.835,56.0,3671,16.545,88981,2019-09-01
2019,3,La Pampa,237.0,3.289,75849,5.922,1.611,1.359,941,1.618,90826,2019-09-01
2019,3,La Rioja,9.0,10.0,38657,4.786,4.887,22.0,1307,0.0,49678,2019-09-01
2019,3,Mendoza,21.0,1.269,206821,2.958,10.093,1.263,349,0.0,222774,2019-09-01
2019,3,Misiones,47.0,1.928,43530,29.375,11.256,16.107,16650,12.206,131099,2019-09-01
2019,3,Neuquén,45.0,2.258,62909,4.586,9.597,16.923,28458,122.0,124898,2019-09-01
2019,3,Río Negro,47.0,1.234,87435,2.348,9.779,10.176,15505,17.719,144243,2019-09-01
2019,3,Salta,49.0,900.0,43160,62.23,14.309,11.418,12357,7.515,151938,2019-09-01
2019,3,San Juan,22.0,171.0,68315,2.245,1.267,41.0,128,4.779,76968,2019-09-01
2019,3,San Luis,57.0,100.0,18643,5.113,467.0,62.242,5,36.075,122702,2019-09-01
2019,3,Santa Cruz,28.0,84.0,31612,4.472,1.203,27.0,4,0.0,37430,2019-09-01
2019,3,Santa Fe,640.0,8.184,242454,193.286,107.068,84.325,97082,19.537,752576,2019-09-01
2019,3,Santiago Del Estero,39.0,1.832,35554,55.172,3.612,86.0,1836,34.501,132632,2019-09-01
2019,3,Tierra Del Fuego,6.0,14.0,32133,4.692,1.756,82.0,226,9.648,48557,2019-09-01
2019,3,Tucumán,16.0,110.0,71043,47.693,24.354,843.0,20385,0.0,164444,2019-09-01
2019,2,Buenos Aires,199.768,46.852,1436259,217.785,438.663,502.275,985767,43.438,3870807,2019-06-01
2019,2,Catamarca,34.0,43.0,16631,8.67,6.049,34.0,10,2.151,33622,2019-06-01
2019,2,Chaco,69.0,1.383,38488,26.431,16.789,15.348,9904,1.492,109904,2019-06-01
2019,2,Chubut,66.0,3.952,69032,10.049,1.495,74.0,165,4.5,89333,2019-06-01
2019,2,Córdoba,81.0,8.165,248427,100.512,157.458,170.159,76053,8.938,769793,2019-06-01
2019,2,Corrientes,10.0,3.012,40424,27.774,13.114,11.928,7119,6.08,109461,2019-06-01
2019,2,Entre Ríos,18.0,5.905,100687,52.316,23.196,24.221,10664,17.206,234213,2019-06-01
2019,2,Formosa,1.11,349.0,26512,5.399,8.384,2.639,2258,100.0,46751,2019-06-01
2019,2,Jujuy,27.0,940.0,26233,8.441,26.7,27.0,2600,21.765,86733,2019-06-01
2019,2,La Pampa,236.0,3.289,75406,5.191,1.366,1.445,629,2.661,90223,2019-06-01
2019,2,Misiones,47.0,2.226,45769,27.385,15.408,18.882,8129,12.206,130052,2019-06-01
2019,2,Neuquén,302.0,3.038,61776,4.688,17.318,21.21,14132,422.0,122886,2019-06-01
2019,2,Río Negro,384.0,1.354,86366,2.201,10.291,12.407,6907,18.519,138429,2019-06-01
2019,2,Salta,49.0,974.0,59638,36.923,16.961,14.059,6461,7.585,142650,2019-06-01
2019,2,San Juan,22.0,213.0,60913,2.177,785.0,7.0,4,6.119,70240,2019-06-01
2019,2,San Luis,57.0,102.0,16575,4.964,467.0,57.236,5,37.977,117383,2019-06-01
2019,2,Santa Fe,321.0,8.427,300124,125.176,129.741,100.131,49865,22.323,736108,2019-06-01
2019,2,Santiago Del Estero,39.0,1.832,63268,21.362,3.741,108.0,1205,34.501,126056,2019-06-01
2019,1,Buenos Aires,162.513,72.296,1429964,202.511,576.428,576.859,705769,6.369,3732709,2019-03-01
2019,1,Capital Federal,74.0,7.417,283787,131.007,330.122,365.713,283463,0.0,1401583,2019-03-01
2019,1,Catamarca,34.0,1.708,18761,6.443,5.606,29.0,7,2.151,34739,2019-03-01
2019,1,Chaco,69.0,3.801,38719,25.632,18.965,12.393,6368,1.035,106982,2019-03-01
2019,1,Chubut,66.0,3.938,71077,6.571,787.0,74.0,165,0.0,82678,2019-03-01
2019,1,Córdoba,81.0,20.403,242769,96.997,200.681,127.965,50716,6.806,746418,2019-03-01
2019,1,Corrientes,10.0,6.47,38402,26.562,15.498,9.688,5029,0.0,101659,2019-03-01
2019,1,Entre Ríos,18.0,9.217,107013,50.068,28.957,18.146,7619,12.142,233180,2019-03-01
2019,1,Formosa,1.11,3.023,23085,5.301,9.027,2.099,1654,0.0,45299,2019-03-01
2019,1,Jujuy,27.0,2.817,30727,7.811,4.021,30.0,1141,37.162,83736,2019-03-01
2019,1,La Pampa,236.0,8.327,70538,4.466,1.061,1.354,405,698.0,87085,2019-03-01
2019,1,La Rioja,9.0,1.169,40285,4.088,5.216,17.0,869,0.0,51653,2019-03-01
2019,1,Mendoza,20.0,1.786,205383,2.837,5.702,111.0,140,0.0,215979,2019-03-01
2019,1,Misiones,47.0,5.946,45266,25.89,19.111,16.552,5167,7.654,125633,2019-03-01
2019,1,Neuquén,1.328,3.055,52360,1.781,21.452,17.135,11026,6.105,114242,2019-03-01
2019,1,Río Negro,384.0,1.583,84845,2.037,13.615,9.567,5076,3.719,120826,2019-03-01
2019,1,Salta,49.0,4.232,59244,36.473,22.91,10.861,2242,1.0,136012,2019-03-01
2019,1,San Juan,22.0,229.0,62380,266.0,520.0,3.0,2,560.0,63982,2019-03-01
2019,1,San Luis,57.0,120.0,21380,53.214,345.0,6.0,2,23.577,98701,2019-03-01
2019,1,Santa Cruz,25.0,128.0,21990,2.731,702.0,26.0,4,0.0,25606,2019-03-01
2019,1,Santa Fe,333.0,29.35,296798,122.959,153.212,74.575,36502,18.591,732320,2019-03-01
2019,1,Santiago Del Estero,39.0,3.372,62895,20.691,3.959,85.0,494,0.0,91535,2019-03-01
2019,1,Tierra Del Fuego,6.0,131.0,38851,3.623,641.0,80.0,29,0.0,43361,2019-03-01
2019,1,Tucumán,16.0,5.188,82240,42.877,26.21,847.0,14839,0.0,172217,2019-03-01
2018,4,Buenos Aires,134.673,73.761,1422463,194.426,577.679,949.093,265386,6.409,3623890,2018-12-01
2018,4,Capital Federal,74.0,7.388,283281,143.309,330.496,439.526,186810,0.0,1390884,2018-12-01
2018,4,Catamarca,34.0,1.669,17955,6.425,5.461,29.0,7,2.151,33731,2018-12-01
2018,4,Chaco,69.0,3.405,38707,25.633,18.965,12.393,6368,1.035,106575,2018-12-01
2018,4,Chubut,66.0,3.917,66061,6.215,531.0,623.0,165,0.0,77578,2018-12-01
2018,4,Córdoba,81.0,24.102,228475,97.277,201.639,128.053,48809,8.296,736732,2018-12-01
2018,4,Corrientes,10.0,6.438,37406,26.562,15.498,9.688,5029,0.0,100631,2018-12-01
2018,4,Entre Ríos,18.0,8.769,94780,50.027,29.002,18.146,7612,13.937,222291,2018-12-01
2018,4,Formosa,1.11,3.074,23050,5.285,9.027,2.092,1654,0.0,45292,2018-12-01
2018,4,Jujuy,27.0,2.803,30727,7.811,4.021,30.0,1141,36.577,83137,2018-12-01
2018,4,La Pampa,241.0,7.727,70508,3.661,978.0,1.328,270,698.0,85411,2018-12-01
2018,4,La Rioja,9.0,1.164,40285,4.088,5.216,17.0,869,0.0,51648,2018-12-01
2018,4,Mendoza,20.0,1.463,198598,2.494,4.726,19.0,132,0.0,207452,2018-12-01
2018,4,Misiones,47.0,5.981,45566,26.019,19.226,16.566,5167,6.154,124726,2018-12-01
2018,4,Neuquén,1.328,3.044,52313,1.781,21.452,17.135,11025,6.105,114183,2018-12-01
2018,4,Río Negro,384.0,1.225,83412,643.0,13.44,9.569,5070,3.719,117462,2018-12-01
2018,4,Salta,49.0,3.659,58495,36.365,22.91,10.861,2242,1.0,134582,2018-12-01
2018,4,San Juan,22.0,1.465,59811,180.0,312.0,1.0,1,450.0,62242,2018-12-01
2018,4,San Luis,57.0,109.0,19164,53.183,119.0,62.0,2,23.577,96273,2018-12-01
2018,4,Santa Cruz,25.0,115.0,23107,779.0,206.0,1.0,4,0.0,24237,2018-12-01
2018,4,Santa Fe,335.0,31.397,276301,121.009,152.039,74.432,36427,29.731,721671,2018-12-01
2018,4,Santiago Del Estero,39.0,3.25,61347,20.127,3.686,77.0,483,0.0,89009,2018-12-01
2018,4,Tierra Del Fuego,6.0,27.0,35765,6.323,9.894,24.0,67,0.0,52106,2018-12-01
2018,4,Tucumán,16.0,5.244,82089,42.766,26.111,847.0,14839,0.0,171912,2018-12-01
2018,3,Buenos Aires,991.0,80.459,1445733,190.805,636.09,897.964,237248,120.464,3609754,2018-09-01
2018,3,Capital Federal,73.0,8.493,287919,147.253,370.677,415.02,165055,0.0,1394490,2018-09-01
2018,3,Catamarca,34.0,1.994,18475,6.358,5.32,34.0,7,2.151,34373,2018-09-01
2018,3,Chaco,70.0,3.503,38729,24.916,20.335,11.085,5667,1.035,105340,2018-09-01
2018,3,Chubut,67.0,3.951,91096,6.162,531.0,623.0,164,0.0,102594,2018-09-01
2018,3,Córdoba,81.0,24.767,224471,96.372,221.984,109.333,39854,6.49,723352,2018-09-01
2018,3,Corrientes,11.0,6.754,38364,24.953,16.601,8.357,4419,0.0,99459,2018-09-01
2018,3,Entre Ríos,18.0,9.048,96095,45.651,31.353,15.111,6786,0.0,204062,2018-09-01
2018,3,Formosa,1.11,3.365,22624,5.259,9.336,1.729,1434,0.0,44857,2018-09-01
2018,3,Jujuy,345.0,3.02,29048,7.756,4.066,39.0,623,0.0,44897,2018-09-01
2018,3,La Pampa,242.0,8.417,68507,3.153,920.0,1.189,216,698.0,83342,2018-09-01
2018,3,La Rioja,9.0,1.291,40647,4.138,5.425,20.0,339,0.0,51869,2018-09-01
2018,3,Mendoza,20.0,1.525,199297,2.476,4.727,27.0,129,0.0,208201,2018-09-01
2018,3,Misiones,48.0,5.749,39617,24.747,21.212,14.674,4547,0.0,110594,2018-09-01
2018,3,Neuquén,1.396,2.244,55822,1.647,23.785,15.218,9718,6.105,115935,2018-09-01
2018,3,Río Negro,409.0,5.221,75929,512.0,14.912,8.47,4332,3.719,113504,2018-09-01
2018,3,Salta,116.0,3.721,61795,32.782,25.582,9.224,502,0.0,133722,2018-09-01
2018,3,San Juan,22.0,1.326,62525,180.0,312.0,3.0,1,0.0,64369,2018-09-01
2018,3,San Luis,57.0,109.0,19170,52.94,119.0,63.0,2,1.902,74362,2018-09-01
2018,3,Santa Cruz,26.0,116.0,32815,778.0,206.0,1.0,3,0.0,33945,2018-09-01
2018,3,Santa Fe,467.0,36.786,269211,115.907,162.545,62.479,31266,13.911,692572,2018-09-01
2018,3,Santiago Del Estero,41.0,2.55,60260,19.116,3.806,64.0,265,0.0,86102,2018-09-01
2018,3,Tierra Del Fuego,6.0,187.0,41569,2.27,231.0,24.0,13,0.0,44300,2018-09-01
2018,3,Tucumán,16.0,5.993,81559,43.282,27.062,941.0,12187,0.0,171040,2018-09-01
2018,2,Buenos Aires,1.009,81.354,1459443,295.457,816.056,536.049,199589,113.357,3502314,2018-06-01
2018,2,Capital Federal,73.0,9.234,290291,219.166,445.345,264.805,142253,0.0,1371167,2018-06-01
2018,2,Catamarca,34.0,2.414,14624,6.112,4.347,36.0,6,6.5,34073,2018-06-01
2018,2,Chaco,70.0,2.968,34167,24.282,21.887,9.251,4630,1.035,98290,2018-06-01
2018,2,Chubut,67.0,4.471,85598,5.369,4.0,5.0,9,5.01,100533,2018-06-01
2018,2,Córdoba,81.0,21.779,219630,102.596,244.291,78.852,34950,8.11,710289,2018-06-01
2018,2,Corrientes,11.0,7.047,38268,24.066,17.926,6.78,3862,0.0,97960,2018-06-01
2018,2,Entre Ríos,18.0,8.179,94459,44.57,34.281,12.012,5920,0.0,199439,2018-06-01
2018,2,Formosa,1.11,3.568,22409,5.176,9.727,1.313,1243,0.0,44546,2018-06-01
2018,2,Jujuy,345.0,3.32,29319,8.083,3.977,44.0,7,0.0,45095,2018-06-01
2018,2,La Pampa,244.0,8.797,68083,2.409,965.0,969.0,179,698.0,82344,2018-06-01
2018,2,La Rioja,9.0,1.384,40679,4.198,5.64,20.0,15,0.0,51945,2018-06-01
2018,2,Mendoza,20.0,1.658,164596,515.0,266.0,17.0,72,33.788,200932,2018-06-01
2018,2,Misiones,48.0,6.092,39489,23.569,23.747,11.888,3866,0.0,108699,2018-06-01
2018,2,Neuquén,1.396,2.408,56035,1.314,26.417,12.442,8551,6.105,114668,2018-06-01
2018,2,Río Negro,409.0,5.298,75056,523.0,16.48,6.663,3725,3.975,112129,2018-06-01
2018,2,Salta,116.0,3.99,61763,33.285,28.431,7.239,182,0.0,135006,2018-06-01
2018,2,San Juan,22.0,1.378,57591,11.0,0.0,3.0,0,5.068,64073,2018-06-01
2018,2,San Luis,57.0,101.0,11992,11.0,0.0,7.0,2,9.284,21454,2018-06-01
2018,2,Santa Cruz,26.0,120.0,28600,655.0,100.0,1.0,3,4.267,33772,2018-06-01
2018,2,Santa Fe,744.0,34.267,262603,112.143,175.54,50.525,26512,22.257,684591,2018-06-01
2018,2,Santiago Del Estero,41.0,2.717,41362,18.721,3.278,31.0,31,17.589,83770,2018-06-01
2018,2,Tierra Del Fuego,6.0,188.0,40912,2.217,75.0,0.0,0,107.0,43505,2018-06-01
2018,2,Tucumán,16.0,6.735,79899,44.968,27.059,1.084,8784,1.305,169850,2018-06-01
2018,1,Buenos Aires,1.514,74.766,1445752,292.732,886.678,480.237,184203,105.818,3471700,2018-03-01
2018,1,Capital Federal,89.0,10.039,292566,222.737,487.826,227.953,127384,0.0,1368594,2018-03-01
2018,1,Catamarca,34.0,2.896,14770,6.145,3.539,41.0,4,6.5,33929,2018-03-01
2018,1,Chaco,70.0,3.261,32516,24.488,23.296,8.219,3897,1.035,96782,2018-03-01
2018,1,Chubut,67.0,4.314,83161,5.358,4.0,5.0,9,5.01,97928,2018-03-01
2018,1,Córdoba,281.0,23.922,222815,104.3,266.259,57.137,29228,10.049,713991,2018-03-01
2018,1,Corrientes,11.0,5.005,37152,24.038,19.068,5.89,3256,0.0,94420,2018-03-01
2018,1,Entre Ríos,18.0,8.861,90080,45.599,37.401,9.818,5071,0.0,196848,2018-03-01
2018,1,Formosa,1.11,3.803,10092,5.117,10.061,1.091,1046,0.0,32320,2018-03-01
2018,1,Jujuy,345.0,4.807,27219,8.044,3.925,49.0,4,0.0,44393,2018-03-01
2018,1,La Pampa,245.0,8.119,67104,1.616,1.076,614.0,98,3.503,82375,2018-03-01
2018,1,La Rioja,9.0,1.485,40680,4.217,5.831,19.0,1,0.0,52242,2018-03-01
2018,1,Mendoza,20.0,1.662,164599,501.0,266.0,19.0,72,33.788,200927,2018-03-01
2018,1,Misiones,48.0,4.7,35820,23.291,26.223,10.241,3219,0.0,103542,2018-03-01
2018,1,Neuquén,1.396,2.367,59468,1.311,29.012,9.709,7378,6.105,116746,2018-03-01
2018,1,Río Negro,409.0,5.333,74894,530.0,17.997,4.972,3129,3.975,111239,2018-03-01
2018,1,Salta,116.0,4.459,60334,33.088,30.771,5.145,88,0.0,134001,2018-03-01
2018,1,San Juan,22.0,1.058,57078,11.0,0.0,3.0,0,5.068,63240,2018-03-01
2018,1,San Luis,57.0,101.0,11920,11.0,0.0,7.0,2,9.284,21382,2018-03-01
2018,1,Santa Cruz,26.0,120.0,28600,655.0,100.0,1.0,3,4.267,33772,2018-03-01
2018,1,Santa Fe,1.359,33.639,262008,108.576,188.9,39.589,22801,23.181,680053,2018-03-01
2018,1,Santiago Del Estero,41.0,2.91,41298,18.914,3.449,33.0,2,17.589,84236,2018-03-01
2018,1,Tierra Del Fuego,6.0,307.0,33987,2.0,0.0,0.0,0,107.0,34409,2018-03-01
2018,1,Tucumán,16.0,7.472,78811,45.675,26.405,1.218,7082,1.305,167984,2018-03-01
2017,4,Buenos Aires,3.865,55.046,1551194,264.645,712.513,335.14,151747,114.182,3188332,2017-12-01
2017,4,Capital Federal,314.0,31.411,517018,284.04,458.12,178.396,114939,0.0,1584238,2017-12-01
2017,4,Catamarca,34.0,3.182,15315,5.904,2.927,43.0,2,2.151,29558,2017-12-01
2017,4,Chaco,70.0,3.432,37144,24.088,20.123,7.29,3289,1.035,96471,2017-12-01
2017,4,Chubut,67.0,4.313,83676,5.355,7.0,5.0,9,0.0,93432,2017-12-01
2017,4,Córdoba,291.0,25.411,280837,102.892,217.602,40.898,24251,8.429,700611,2017-12-01
2017,4,Corrientes,11.0,5.22,41080,23.686,16.046,5.053,2675,0.0,93771,2017-12-01
2017,4,Entre Ríos,1.685,9.078,95466,45.189,30.01,7.958,4113,0.0,193499,2017-12-01
2017,4,Formosa,1.11,4.061,13220,4.867,6.996,977.0,824,0.0,32055,2017-12-01
2017,4,Jujuy,345.0,5.364,26566,7.721,3.507,44.0,3,0.0,43550,2017-12-01
2017,4,La Pampa,310.0,8.729,66053,1.227,792.0,391.0,81,3.503,81086,2017-12-01
2017,4,La Rioja,9.0,1.488,40777,4.083,5.813,22.0,3,0.0,52195,2017-12-01
2017,4,Mendoza,26.0,1.656,177646,438.0,278.0,29.0,81,0.0,180154,2017-12-01
2017,4,Misiones,1.053,3.9,41723,23.131,22.262,9.091,2735,0.0,103895,2017-12-01
2017,4,Neuquén,1.396,2.372,68036,1.325,22.781,7.528,6300,6.105,115843,2017-12-01
2017,4,Río Negro,409.0,5.598,81078,485.0,12.502,3.447,2440,3.719,109678,2017-12-01
2017,4,Salta,636.0,4.275,73284,32.842,18.968,3.559,84,0.0,133648,2017-12-01
2017,4,San Juan,22.0,1.062,57525,9.0,0.0,2.0,2,0.0,58622,2017-12-01
2017,4,San Luis,59.0,101.0,12822,8.0,0.0,1.0,7,1.902,14900,2017-12-01
2017,4,Santa Cruz,68.0,78.0,29073,655.0,100.0,1.0,3,0.0,29978,2017-12-01
2017,4,Santa Fe,3.109,34.132,309998,108.939,151.329,30.736,19602,14.119,671964,2017-12-01
2017,4,Santiago Del Estero,41.0,3.091,43544,18.773,3.359,32.0,2,0.0,68842,2017-12-01
2017,4,Tierra Del Fuego,6.0,310.0,31334,2.0,0.0,0.0,0,0.0,31652,2017-12-01
2017,4,Tucumán,105.0,8.164,78750,45.241,24.318,1.303,4367,0.0,162248,2017-12-01
2017,3,Buenos Aires,6.577,51.411,1733479,311.652,676.137,140.812,108400,0.0,3028468,2017-09-01
2017,3,Capital Federal,283.0,33.924,590689,311.411,426.3,120.675,91917,0.0,1575199,2017-09-01
2017,3,Catamarca,52.0,3.204,15383,5.758,2.563,50.0,1,0.0,27011,2017-09-01
2017,3,Chaco,95.0,3.496,40059,23.008,20.307,3.827,2004,0.0,92796,2017-09-01
2017,3,Chubut,436.0,3.989,71843,2.336,3.0,0.0,0,0.0,78607,2017-09-01
2017,3,Córdoba,327.0,26.154,309161,100.113,189.302,38.131,16741,0.0,679929,2017-09-01
2017,3,Corrientes,24.0,5.629,44305,22.785,15.576,2.635,1607,0.0,92561,2017-09-01
2017,3,Entre Ríos,1.691,7.545,98032,42.947,29.011,3.878,2397,0.0,185501,2017-09-01
2017,3,Formosa,1.063,3.716,13752,5.187,6.056,899.0,459,0.0,31132,2017-09-01
2017,3,Jujuy,337.0,5.723,26835,7.369,2.962,41.0,2,0.0,43269,2017-09-01
2017,3,La Pampa,343.0,8.244,64794,855.0,588.0,327.0,51,0.0,75202,2017-09-01
2017,3,La Rioja,16.0,1.497,40882,3.899,5.604,23.0,3,0.0,51924,2017-09-01
2017,3,Mendoza,32.0,95.0,158461,115.0,67.0,29.0,19,0.0,158818,2017-09-01
2017,3,Misiones,1.058,4.123,42900,22.808,23.913,3.843,1881,0.0,100526,2017-09-01
2017,3,Neuquén,2.036,1.457,72532,1.034,20.213,7.067,4937,0.0,109276,2017-09-01
2017,3,Río Negro,422.0,5.641,83900,306.0,10.116,2.965,1659,0.0,105009,2017-09-01
2017,3,Salta,645.0,4.494,78830,32.433,14.62,2.315,63,0.0,133400,2017-09-01
2017,3,San Juan,31.0,1.077,57582,1.0,0.0,2.0,2,0.0,58695,2017-09-01
2017,3,San Luis,63.0,3.0,12325,7.0,0.0,1.0,7,0.0,12406,2017-09-01
2017,3,Santa Cruz,188.0,23.0,29102,542.0,66.0,33.0,1,0.0,29955,2017-09-01
2017,3,Santa Fe,3.116,34.019,320017,104.453,125.339,24.536,12982,0.0,624462,2017-09-01
2017,3,Santiago Del Estero,69.0,3.288,40435,18.489,3.047,30.0,2,0.0,65360,2017-09-01
2017,3,Tierra Del Fuego,9.0,297.0,33858,0.0,0.0,0.0,0,0.0,34164,2017-09-01
2017,3,Tucumán,109.0,8.948,83070,45.302,20.514,1.361,655,0.0,159959,2017-09-01
2017,2,Buenos Aires,7.548,47.472,1910156,299.009,573.298,93.059,46178,0.0,2976720,2017-06-01
2017,2,Capital Federal,556.0,35.663,726223,304.97,378.571,80.234,37977,0.0,1564194,2017-06-01
2017,2,Catamarca,15.0,3.318,15655,5.325,2.342,47.0,1,0.0,26703,2017-06-01
2017,2,Chaco,191.0,3.733,42590,22.349,18.044,3.157,545,0.0,90609,2017-06-01
2017,2,Chubut,403.0,4.186,73760,1.88,0.0,0.0,0,0.0,80229,2017-06-01
2017,2,Córdoba,251.0,26.862,370865,88.479,146.683,20.351,5069,0.0,658560,2017-06-01
2017,2,Corrientes,15.0,5.912,46483,21.776,13.043,2.218,647,0.0,90094,2017-06-01
2017,2,Entre Ríos,1.68,7.944,104422,41.8,23.524,2.604,823,0.0,182797,2017-06-01
2017,2,Formosa,1.486,3.419,14787,4.795,4.583,749.0,139,0.0,29958,2017-06-01
2017,2,Jujuy,311.0,5.877,26915,6.974,2.538,42.0,1,0.0,42658,2017-06-01
2017,2,La Pampa,356.0,8.633,59045,558.0,336.0,244.0,21,0.0,69193,2017-06-01
2017,2,La Rioja,9.0,1.554,9304,3.599,1.796,24.0,2,0.0,16288,2017-06-01
2017,2,Mendoza,109.0,24.0,177203,92.0,50.0,5.0,22,0.0,177505,2017-06-01
2017,2,Misiones,1.011,4.447,47244,22.033,21.599,2.892,570,0.0,99796,2017-06-01
2017,2,Neuquén,1.542,1.395,81272,849.0,18.051,4.774,1703,0.0,109586,2017-06-01
2017,2,Río Negro,973.0,5.606,88085,245.0,7.99,1.921,559,0.0,105379,2017-06-01
2017,2,Salta,594.0,4.719,67576,23.185,11.333,1.068,76,0.0,108551,2017-06-01
2017,2,San Juan,15.0,193.0,58588,0.0,0.0,0.0,4,0.0,58800,2017-06-01
2017,2,San Luis,8.0,4.0,14014,0.0,0.0,1.0,2,0.0,14029,2017-06-01
2017,2,Santa Cruz,188.0,24.0,30913,541.0,66.0,33.0,0,0.0,31765,2017-06-01
2017,2,Santa Fe,4.967,38.721,311830,92.854,97.563,16.794,4275,0.0,567004,2017-06-01
2017,2,Santiago Del Estero,26.0,3.539,20384,6.432,2.802,16.0,0,0.0,33199,2017-06-01
2017,2,Tierra Del Fuego,16.0,285.0,35409,0.0,0.0,0.0,0,0.0,35710,2017-06-01
2017,2,Tucumán,96.0,9.236,83342,42.536,17.788,1.371,21,0.0,154390,2017-06-01
2017,1,Buenos Aires,6.017,83.918,2057698,402.315,523.54,90.937,22299,0.0,3186724,2017-03-01
2017,1,Capital Federal,510.0,1.409,678922,218.487,277.195,66.536,19881,0.0,1262940,2017-03-01
2017,1,Catamarca,15.0,3.328,15861,4.901,2.161,49.0,0,0.0,26315,2017-03-01
2017,1,Chaco,191.0,3.835,44544,21.467,15.671,3.025,314,0.0,89047,2017-03-01
2017,1,Chubut,401.0,4.182,73759,1.808,0.0,0.0,0,0.0,80150,2017-03-01
2017,1,Córdoba,50.0,28.732,391556,82.011,118.643,19.035,2071,0.0,642098,2017-03-01
2017,1,Corrientes,15.0,6.04,48149,20.586,11.468,2.044,303,0.0,88605,2017-03-01
2017,1,Entre Ríos,1.68,8.08,108379,39.146,20.562,2.254,317,0.0,180418,2017-03-01
2017,1,Formosa,1.535,3.538,15473,4.446,4.058,635.0,22,0.0,29707,2017-03-01
2017,1,Jujuy,330.0,6.213,27824,6.486,2.306,44.0,0,0.0,43203,2017-03-01
2017,1,La Pampa,362.0,9.279,57739,331.0,192.0,165.0,11,0.0,68079,2017-03-01
2017,1,La Rioja,9.0,1.578,9486,3.409,1.718,22.0,2,0.0,16224,2017-03-01
2017,1,Mendoza,106.0,15.0,177201,86.0,50.0,5.0,22,0.0,177485,2017-03-01
2017,1,Misiones,1.01,4.665,45950,23.847,19.356,2.627,166,0.0,97621,2017-03-01
2017,1,Neuquén,1.547,1.418,83813,902.0,15.13,4.223,458,0.0,107491,2017-03-01
2017,1,Río Negro,986.0,5.647,89622,246.0,6.738,1.594,200,0.0,105033,2017-03-01
2017,1,Salta,579.0,4.861,70922,21.554,9.386,267.0,74,0.0,107643,2017-03-01
2017,1,San Juan,8.0,192.0,58588,0.0,0.0,0.0,4,0.0,58792,2017-03-01
2017,1,San Luis,8.0,4.0,14014,0.0,0.0,1.0,2,0.0,14029,2017-03-01
2017,1,Santa Cruz,190.0,23.0,31078,474.0,68.0,30.0,0,0.0,31863,2017-03-01
2017,1,Santa Fe,4.966,39.463,340418,77.152,83.008,15.775,1831,0.0,562613,2017-03-01
2017,1,Santiago Del Estero,26.0,3.772,21659,6.218,2.786,17.0,0,0.0,34478,2017-03-01
2017,1,Tierra Del Fuego,16.0,285.0,35409,0.0,0.0,0.0,0,0.0,35710,2017-03-01
2017,1,Tucumán,96.0,9.682,86470,39.155,15.951,1.383,13,0.0,152750,2017-03-01
2016,4,Buenos Aires,6.055,86.281,2085605,403.575,467.398,72.348,17279,0.0,3138541,2016-12-01
2016,4,Capital Federal,517.0,1.477,704324,225.723,264.582,53.506,16756,0.0,1266885,2016-12-01
2016,4,Catamarca,15.0,3.478,16519,4.889,2.077,54.0,0,0.0,27032,2016-12-01
2016,4,Chaco,191.0,3.983,45634,21.323,14.887,2.586,250,0.0,88854,2016-12-01
2016,4,Chubut,401.0,4.493,73951,1.352,0.0,0.0,0,0.0,80197,2016-12-01
2016,4,Córdoba,50.0,29.38,404645,77.966,108.368,15.458,1606,0.0,637473,2016-12-01
2016,4,Corrientes,15.0,6.109,48995,20.187,10.908,1.645,234,0.0,88093,2016-12-01
2016,4,Entre Ríos,1.68,8.253,110296,38.491,19.509,1.801,280,0.0,180310,2016-12-01
2016,4,Formosa,1.573,3.519,15791,4.114,3.855,649.0,17,0.0,29518,2016-12-01
2016,4,Jujuy,303.0,6.225,27778,6.143,2.134,43.0,0,0.0,42626,2016-12-01
2016,4,La Pampa,368.0,9.789,56694,16.0,335.0,132.0,11,0.0,67345,2016-12-01
2016,4,La Rioja,9.0,1.646,9635,3.334,1.675,13.0,3,0.0,16315,2016-12-01
2016,4,Mendoza,114.0,16.0,177194,79.0,49.0,5.0,20,0.0,177477,2016-12-01
2016,4,Misiones,1.01,4.783,47454,23.433,18.371,2.215,126,0.0,97392,2016-12-01
2016,4,Neuquén,1.539,1.406,84859,792.0,14.153,3.073,271,0.0,106093,2016-12-01
2016,4,Río Negro,998.0,2.953,92967,248.0,6.317,1.174,122,0.0,104779,2016-12-01
2016,4,Salta,577.0,5.027,71636,20.787,8.611,239.0,70,0.0,106947,2016-12-01
2016,4,San Juan,8.0,220.0,58608,0.0,0.0,0.0,4,0.0,58840,2016-12-01
2016,4,San Luis,8.0,4.0,14014,0.0,0.0,1.0,2,0.0,14029,2016-12-01
2016,4,Santa Cruz,189.0,23.0,31369,342.0,80.0,10.0,0,0.0,32013,2016-12-01
2016,4,Santa Fe,4.966,40.102,349722,74.401,77.667,13.155,1529,0.0,561542,2016-12-01
2016,4,Santiago Del Estero,26.0,3.925,22246,6.178,2.664,15.0,0,0.0,35054,2016-12-01
2016,4,Tierra Del Fuego,16.0,285.0,35409,0.0,0.0,0.0,0,0.0,35710,2016-12-01
2016,4,Tucumán,96.0,10.021,87994,37.721,14.389,1.4,10,0.0,151631,2016-12-01
2016,3,Buenos Aires,5.856,107.945,2148475,393.53,399.116,52.9,13318,0.0,3121140,2016-09-01
2016,3,Capital Federal,331.0,995.0,759028,208.249,240.856,38.341,13886,0.0,1261686,2016-09-01
2016,3,Catamarca,15.0,4.038,16183,4.845,1.853,50.0,0,0.0,26984,2016-09-01
2016,3,Chaco,190.0,5.227,46821,21.193,13.746,2.022,217,0.0,89416,2016-09-01
2016,3,Chubut,466.0,5.19,74375,674.0,0.0,0.0,0,0.0,80705,2016-09-01
2016,3,Córdoba,48.0,41.329,415075,75.988,99.225,11.691,1322,0.0,644678,2016-09-01
2016,3,Corrientes,15.0,7.425,49471,19.956,10.006,1.263,210,0.0,88346,2016-09-01
2016,3,Entre Ríos,1.768,10.657,110844,38.665,17.737,1.307,248,0.0,181226,2016-09-01
2016,3,Formosa,1.723,4.277,15581,3.964,3.658,648.0,10,0.0,29861,2016-09-01
2016,3,Jujuy,286.0,6.878,27425,5.943,1.978,31.0,0,0.0,42541,2016-09-01
2016,3,La Pampa,374.0,10.187,55792,15.0,224.0,114.0,11,0.0,66717,2016-09-01
2016,3,La Rioja,9.0,2.349,9686,3.316,1.562,11.0,2,0.0,16935,2016-09-01
2016,3,Mendoza,37.0,10.0,178186,73.0,48.0,5.0,17,0.0,178376,2016-09-01
2016,3,Misiones,1.01,6.03,48871,23.394,17.043,1.559,91,0.0,97998,2016-09-01
2016,3,Neuquén,1.531,1.527,87404,680.0,12.541,2.118,225,0.0,106026,2016-09-01
2016,3,Río Negro,1.007,6.026,90689,207.0,5.953,790.0,99,0.0,104771,2016-09-01
2016,3,Salta,1.107,6.922,71214,20.229,8.099,197.0,50,0.0,107818,2016-09-01
2016,3,San Juan,8.0,245.0,58577,0.0,0.0,0.0,2,0.0,58832,2016-09-01
2016,3,San Luis,7.0,4.0,14077,0.0,0.0,1.0,2,0.0,14091,2016-09-01
2016,3,Santa Cruz,189.0,22.0,31904,221.0,52.0,9.0,0,0.0,32397,2016-09-01
2016,3,Santa Fe,3.958,49.501,360606,72.657,69.864,10.21,1308,0.0,568104,2016-09-01
2016,3,Santiago Del Estero,26.0,5.097,22747,6.216,2.497,9.0,0,0.0,36592,2016-09-01
2016,3,Tierra Del Fuego,16.0,285.0,35080,0.0,0.0,0.0,0,0.0,35381,2016-09-01
2016,3,Tucumán,127.0,12.247,87970,36.518,13.15,1.288,4,0.0,151304,2016-09-01
2016,2,Buenos Aires,10.786,133.385,2250898,335.296,334.723,31.494,11933,0.0,3108515,2016-06-01
2016,2,Capital Federal,4.352,1.736,859039,146.091,213.01,19.597,13477,0.0,1257302,2016-06-01
2016,2,Catamarca,15.0,5.736,14742,4.567,1.496,47.0,1,0.0,26604,2016-06-01
2016,2,Chaco,197.0,8.063,45823,20.346,12.09,1.571,201,0.0,88291,2016-06-01
2016,2,Chubut,572.0,5.421,73078,775.0,0.0,0.0,0,0.0,79846,2016-06-01
2016,2,Córdoba,258.0,57.05,437547,71.98,82.618,8.355,1242,0.0,659050,2016-06-01
2016,2,Corrientes,41.0,10.018,47916,19.2,8.851,803.0,191,0.0,87020,2016-06-01
2016,2,Entre Ríos,4.734,16.368,115000,36.917,15.522,849.0,205,0.0,189595,2016-06-01
2016,2,Formosa,1.675,5.401,14370,3.569,3.218,593.0,10,0.0,28836,2016-06-01
2016,2,Jujuy,2.561,8.292,25301,5.589,1.75,3.0,0,0.0,43496,2016-06-01
2016,2,La Pampa,429.0,10.616,63928,15.0,119.0,96.0,11,0.0,75214,2016-06-01
2016,2,La Rioja,10.0,3.151,9043,3.19,1.344,3.0,5,0.0,16746,2016-06-01
2016,2,Mendoza,437.0,30.0,176922,61.0,44.0,5.0,20,0.0,177519,2016-06-01
2016,2,Misiones,1.973,7.899,49586,21.385,14.82,1.073,96,0.0,96832,2016-06-01
2016,2,Neuquén,1.916,1.691,88854,583.0,10.241,1.285,208,0.0,104778,2016-06-01
2016,2,Río Negro,1.189,6.107,92158,194.0,4.877,520.0,86,0.0,105131,2016-06-01
2016,2,Salta,2.16,10.123,70875,18.759,7.129,140.0,49,0.0,109235,2016-06-01
2016,2,San Juan,10.0,273.0,57589,0.0,0.0,0.0,4,0.0,57876,2016-06-01
2016,2,San Luis,12.0,4.0,13931,0.0,0.0,1.0,2,0.0,13950,2016-06-01
2016,2,Santa Cruz,244.0,26.0,31995,142.0,20.0,0.0,0,0.0,32427,2016-06-01
2016,2,Santa Fe,9.486,67.325,374960,68.505,60.469,6.509,1277,0.0,588531,2016-06-01
2016,2,Santiago Del Estero,704.0,6.705,22208,5.943,2.108,1.0,0,0.0,37669,2016-06-01
2016,2,Tierra Del Fuego,16.0,286.0,38773,0.0,0.0,0.0,0,0.0,39075,2016-06-01
2016,2,Tucumán,231.0,18.515,83945,33.891,11.31,1.032,2,0.0,148926,2016-06-01
2016,1,Buenos Aires,7.351,97.88,2214760,289.929,247.372,8.315,9529,0.0,2875136,2016-03-01
2016,1,Capital Federal,2.31,43.686,869048,178.665,192.644,6.577,10838,0.0,1303768,2016-03-01
2016,1,Catamarca,15.0,6.102,14653,4.241,1.334,42.0,1,0.0,26388,2016-03-01
2016,1,Chaco,194.0,8.755,46304,19.388,10.587,1.238,184,0.0,86650,2016-03-01
2016,1,Chubut,94.0,5.095,72396,1.066,0.0,0.0,0,0.0,78651,2016-03-01
2016,1,Córdoba,148.0,59.484,414452,65.763,66.455,4.143,1039,0.0,611484,2016-03-01
2016,1,Corrientes,29.0,10.69,47833,18.375,7.911,526.0,170,0.0,85534,2016-03-01
2016,1,Entre Ríos,2.864,17.749,104137,35.104,14.057,457.0,165,0.0,174533,2016-03-01
2016,1,Formosa,1.738,5.731,14163,3.229,2.906,544.0,5,0.0,28316,2016-03-01
2016,1,Jujuy,2.543,8.558,22383,5.188,1.623,0.0,0,0.0,40295,2016-03-01
2016,1,La Pampa,426.0,11.065,52117,15.0,78.0,71.0,11,0.0,63783,2016-03-01
2016,1,La Rioja,10.0,3.382,9060,2.98,1.254,2.0,3,0.0,16691,2016-03-01
2016,1,Mendoza,235.0,21.0,175376,47.0,43.0,5.0,17,0.0,175744,2016-03-01
2016,1,Misiones,959.0,8.502,50061,19.195,13.363,779.0,68,0.0,92927,2016-03-01
2016,1,Neuquén,1.72,1.737,86310,479.0,7.893,143.0,171,0.0,98453,2016-03-01
2016,1,Río Negro,1.171,6.105,90038,203.0,4.246,77.0,81,0.0,101921,2016-03-01
2016,1,Salta,1.119,10.765,65646,17.748,6.643,119.0,31,0.0,102071,2016-03-01
2016,1,San Juan,9.0,309.0,56447,0.0,0.0,0.0,2,0.0,56767,2016-03-01
2016,1,San Luis,8.0,4.0,13645,0.0,0.0,1.0,2,0.0,13660,2016-03-01
2016,1,Santa Cruz,168.0,29.0,32188,8.0,0.0,0.0,0,0.0,32393,2016-03-01
2016,1,Santa Fe,6.492,71.565,353525,64.117,51.293,3.754,1063,0.0,551809,2016-03-01
2016,1,Santiago Del Estero,703.0,7.219,22805,5.769,1.898,0.0,0,0.0,38394,2016-03-01
2016,1,Tierra Del Fuego,16.0,285.0,33003,0.0,0.0,0.0,0,0.0,33304,2016-03-01
2016,1,Tucumán,106.0,20.092,84008,31.49,10.046,871.0,0,0.0,146613,2016-03-01
2015,4,Buenos Aires,7.985,100.303,2253197,274.56,240.188,3.835,8180,0.0,2888246,2015-12-01
2015,4,Capital Federal,2.417,46.568,916813,172.029,198.635,3.087,10899,0.0,1350450,2015-12-01
2015,4,Catamarca,15.0,6.513,14484,4.106,1.313,39.0,1,0.0,26471,2015-12-01
2015,4,Chaco,194.0,9.593,46771,18.608,10.092,1.136,159,0.0,86553,2015-12-01
2015,4,Chubut,625.0,5.774,71881,168.0,0.0,0.0,0,0.0,78448,2015-12-01
2015,4,Córdoba,148.0,63.746,427471,62.989,67.151,3.336,1088,0.0,625929,2015-12-01
2015,4,Corrientes,29.0,11.248,48104,17.877,7.569,456.0,150,0.0,85433,2015-12-01
2015,4,Entre Ríos,2.865,18.883,104224,33.989,13.668,399.0,163,0.0,174191,2015-12-01
2015,4,Formosa,1.791,6.081,14279,2.704,2.713,519.0,4,0.0,28091,2015-12-01
2015,4,Jujuy,2.551,8.876,21867,5.044,1.587,0.0,0,0.0,39925,2015-12-01
2015,4,La Pampa,592.0,12.951,48798,16.0,63.0,49.0,10,0.0,62479,2015-12-01
2015,4,La Rioja,10.0,3.638,9127,2.937,1.215,2.0,3,0.0,16932,2015-12-01
2015,4,Mendoza,241.0,23.0,174719,38.0,41.0,5.0,13,0.0,175080,2015-12-01
2015,4,Misiones,959.0,9.169,51029,17.281,13.69,675.0,52,0.0,92855,2015-12-01
2015,4,Neuquén,1.727,2.061,89678,455.0,7.934,9.0,175,0.0,102039,2015-12-01
2015,4,Río Negro,3.282,4.473,89062,201.0,4.024,5.0,75,0.0,101122,2015-12-01
2015,4,Salta,1.122,11.387,65677,17.139,6.507,99.0,5,0.0,101936,2015-12-01
2015,4,San Juan,9.0,386.0,55761,0.0,0.0,0.0,2,0.0,56158,2015-12-01
2015,4,San Luis,8.0,4.0,13473,0.0,0.0,1.0,2,0.0,13488,2015-12-01
2015,4,Santa Cruz,188.0,26.0,32338,3.0,0.0,0.0,0,0.0,32555,2015-12-01
2015,4,Santa Fe,6.659,75.77,361264,60.985,51.258,3.079,1189,0.0,560204,2015-12-01
2015,4,Santiago Del Estero,703.0,7.836,23074,5.669,1.856,0.0,0,0.0,39138,2015-12-01
2015,4,Tierra Del Fuego,16.0,285.0,32662,0.0,0.0,0.0,0,0.0,32963,2015-12-01
2015,4,Tucumán,107.0,21.8,83887,29.942,9.507,837.0,0,0.0,146080,2015-12-01
2015,3,Buenos Aires,8.361,107.351,2266948,262.564,200.491,2.642,7720,0.0,2856078,2015-09-01
2015,3,Capital Federal,2.448,49.34,942525,159.618,175.594,2.028,10022,0.0,1341574,2015-09-01
2015,3,Catamarca,15.0,6.871,14206,4.143,812.0,43.0,1,0.0,26091,2015-09-01
2015,3,Chaco,240.0,10.353,47131,19.016,7.498,979.0,157,0.0,85374,2015-09-01
2015,3,Chubut,641.0,5.886,71668,167.0,0.0,0.0,0,0.0,78362,2015-09-01
2015,3,Córdoba,150.0,68.765,429787,61.109,59.372,2.582,1048,0.0,622813,2015-09-01
2015,3,Corrientes,33.0,11.921,48127,18.168,6.111,453.0,146,0.0,84959,2015-09-01
2015,3,Entre Ríos,2.863,20.385,103990,34.788,9.924,384.0,153,0.0,172487,2015-09-01
2015,3,Formosa,1.862,6.521,14354,2.791,1.842,379.0,2,0.0,27751,2015-09-01
2015,3,Jujuy,2.549,9.278,21588,5.169,966.0,0.0,0,0.0,39550,2015-09-01
2015,3,La Pampa,613.0,13.087,47660,9.0,55.0,39.0,10,0.0,61473,2015-09-01
2015,3,La Rioja,10.0,3.84,9102,2.984,832.0,0.0,3,0.0,16771,2015-09-01
2015,3,Mendoza,256.0,25.0,173430,45.0,18.0,5.0,13,0.0,173792,2015-09-01
2015,3,Misiones,958.0,9.809,51234,17.367,11.654,559.0,43,0.0,91624,2015-09-01
2015,3,Neuquén,1.733,2.124,85044,210.0,6.599,2.0,155,0.0,95867,2015-09-01
2015,3,Río Negro,3.372,4.457,88691,99.0,3.826,1.0,62,0.0,100508,2015-09-01
2015,3,Salta,1.126,12.223,65405,17.451,4.318,61.0,5,0.0,100589,2015-09-01
2015,3,San Juan,9.0,391.0,54963,0.0,0.0,0.0,2,0.0,55365,2015-09-01
2015,3,San Luis,9.0,4.0,13286,0.0,0.0,1.0,2,0.0,13302,2015-09-01
2015,3,Santa Cruz,190.0,25.0,32266,2.0,0.0,0.0,0,0.0,32483,2015-09-01
2015,3,Santa Fe,6.767,80.817,363177,59.531,42.021,2.32,1133,0.0,555766,2015-09-01
2015,3,Santiago Del Estero,703.0,8.332,23158,5.956,1.249,0.0,0,0.0,39398,2015-09-01
2015,3,Tierra Del Fuego,15.0,285.0,36408,2.0,0.0,0.0,0,0.0,36710,2015-09-01
2015,3,Tucumán,107.0,23.687,83654,29.998,6.232,623.0,0,0.0,144301,2015-09-01
2015,2,Buenos Aires,8.714,137.189,2299705,243.503,159.922,2.01,6712,0.0,2857754,2015-06-01
2015,2,Capital Federal,2.493,51.799,990112,148.569,142.976,1.482,9258,0.0,1346690,2015-06-01
2015,2,Catamarca,15.0,7.253,14003,3.776,593.0,37.0,1,0.0,25678,2015-06-01
2015,2,Chaco,288.0,11.058,47551,17.675,6.337,788.0,149,0.0,83846,2015-06-01
2015,2,Chubut,656.0,6.032,55791,168.0,0.0,0.0,0,0.0,62647,2015-06-01
2015,2,Córdoba,156.0,72.695,434717,54.993,46.415,1.956,903,0.0,611835,2015-06-01
2015,2,Corrientes,34.0,12.542,48015,17.184,5.039,379.0,126,0.0,83319,2015-06-01
2015,2,Entre Ríos,2.864,21.986,104043,32.293,7.867,354.0,136,0.0,169543,2015-06-01
2015,2,Formosa,1.881,6.907,14247,2.436,1.324,257.0,1,0.0,27053,2015-06-01
2015,2,Jujuy,2.479,9.474,20248,4.792,730.0,0.0,0,0.0,37723,2015-06-01
2015,2,La Pampa,5.737,8.182,46235,27.0,24.0,25.0,10,0.0,60240,2015-06-01
2015,2,La Rioja,10.0,4.082,9093,2.68,641.0,0.0,3,0.0,16509,2015-06-01
2015,2,Mendoza,268.0,26.0,170451,42.0,16.0,5.0,13,0.0,170821,2015-06-01
2015,2,Misiones,958.0,10.36,51671,15.022,10.072,408.0,33,0.0,88524,2015-06-01
2015,2,Neuquén,1.755,2.348,82727,214.0,5.168,2.0,110,0.0,92324,2015-06-01
2015,2,Río Negro,3.413,4.525,87362,97.0,3.24,1.0,51,0.0,98689,2015-06-01
2015,2,Salta,1.123,13.02,64737,16.241,3.114,29.0,5,0.0,98269,2015-06-01
2015,2,San Juan,8.0,410.0,51568,0.0,0.0,0.0,2,0.0,51988,2015-06-01
2015,2,San Luis,9.0,4.0,13204,0.0,0.0,1.0,2,0.0,13220,2015-06-01
2015,2,Santa Cruz,210.0,25.0,25519,2.0,0.0,0.0,0,0.0,25756,2015-06-01
2015,2,Santa Fe,6.827,86.016,364441,53.205,33.894,1.856,1014,0.0,547253,2015-06-01
2015,2,Santiago Del Estero,703.0,8.779,23456,5.553,888.0,0.0,0,0.0,39379,2015-06-01
2015,2,Tierra Del Fuego,15.0,285.0,36073,2.0,0.0,0.0,0,0.0,36375,2015-06-01
2015,2,Tucumán,107.0,25.178,83462,26.966,4.502,455.0,0,0.0,140670,2015-06-01
2015,1,Buenos Aires,8.882,123.589,2267852,220.07,126.958,1.561,5700,0.0,2754612,2015-03-01
2015,1,Capital Federal,2.545,59.084,1013510,134.151,114.569,1.195,8401,0.0,1333455,2015-03-01
2015,1,Catamarca,13.0,7.634,13754,3.202,517.0,9.0,1,0.0,25130,2015-03-01
2015,1,Chaco,26.0,12.053,47425,15.883,5.346,489.0,135,0.0,81357,2015-03-01
2015,1,Chubut,651.0,6.176,57333,102.0,0.0,0.0,0,0.0,64262,2015-03-01
2015,1,Córdoba,157.0,78.427,432802,46.574,37.443,1.615,815,0.0,597833,2015-03-01
2015,1,Corrientes,36.0,13.295,47842,15.554,4.424,235.0,98,0.0,81484,2015-03-01
2015,1,Entre Ríos,2.867,23.951,104168,28.113,6.926,274.0,119,0.0,166418,2015-03-01
2015,1,Formosa,1.891,7.336,14413,2.024,878.0,157.0,1,0.0,26700,2015-03-01
2015,1,Jujuy,2.458,9.754,19858,3.939,603.0,0.0,0,0.0,36612,2015-03-01
2015,1,La Pampa,6.059,8.054,45038,26.0,10.0,13.0,10,0.0,59210,2015-03-01
2015,1,La Rioja,11.0,4.201,9379,2.207,533.0,0.0,3,0.0,16334,2015-03-01
2015,1,Mendoza,287.0,24.0,169763,38.0,16.0,6.0,11,0.0,170145,2015-03-01
2015,1,Misiones,958.0,11.136,51906,12.387,8.543,194.0,26,0.0,85150,2015-03-01
2015,1,Neuquén,1.895,2.577,80787,170.0,4.067,2.0,76,0.0,89574,2015-03-01
2015,1,Río Negro,3.371,4.913,86173,94.0,2.632,2.0,42,0.0,97227,2015-03-01
2015,1,Salta,1.123,14.151,64992,13.955,2.569,15.0,5,0.0,96810,2015-03-01
2015,1,San Juan,8.0,445.0,51346,0.0,0.0,0.0,2,0.0,51801,2015-03-01
2015,1,San Luis,10.0,8.0,12720,0.0,1.0,0.0,2,0.0,12741,2015-03-01
2015,1,Santa Cruz,205.0,27.0,26048,2.0,0.0,0.0,0,0.0,26282,2015-03-01
2015,1,Santa Fe,6.883,93.096,360964,45.27,27.597,1.542,900,0.0,536252,2015-03-01
2015,1,Santiago Del Estero,701.0,9.236,23136,4.796,748.0,0.0,0,0.0,38617,2015-03-01
2015,1,Tierra Del Fuego,14.0,609.0,36319,2.0,0.0,0.0,0,0.0,36944,2015-03-01
2015,1,Tucumán,107.0,27.143,83895,23.061,3.722,334.0,0,0.0,138262,2015-03-01
2014,4,Buenos Aires,8.226,132.937,2250445,203.62,104.322,997.0,5406,0.0,2705954,2014-12-01
2014,4,Capital Federal,2.698,62.896,1038269,123.451,95.772,890.0,7997,0.0,1331972,2014-12-01
2014,4,Catamarca,21.0,8.047,14093,2.91,421.0,0.0,1,0.0,25493,2014-12-01
2014,4,Chaco,483.0,12.837,42106,7.908,2.6,124.0,2,0.0,66060,2014-12-01
2014,4,Chubut,1.858,6.218,60392,70.0,0.0,0.0,0,0.0,68538,2014-12-01
2014,4,Córdoba,1.903,85.362,427844,41.947,30.858,1.177,782,0.0,589873,2014-12-01
2014,4,Corrientes,40.0,13.86,42182,7.513,2.106,0.0,9,0.0,65710,2014-12-01
2014,4,Entre Ríos,2.311,27.801,88649,18.318,3.584,1.0,66,0.0,140730,2014-12-01
2014,4,Formosa,1.947,7.83,14058,1.852,473.0,47.0,1,0.0,26208,2014-12-01
2014,4,Jujuy,1.88,10.427,19740,3.443,465.0,0.0,0,0.0,35955,2014-12-01
2014,4,La Pampa,6.266,6.879,36520,26.0,5.0,4.0,10,0.0,49710,2014-12-01
2014,4,La Rioja,9.0,4.333,9728,1.943,386.0,0.0,3,0.0,16402,2014-12-01
2014,4,Mendoza,303.0,19.0,169222,36.0,14.0,5.0,12,0.0,169611,2014-12-01
2014,4,Misiones,547.0,11.84,53093,8.731,2.952,54.0,12,0.0,77229,2014-12-01
2014,4,Neuquén,1.731,2.744,80938,126.0,3.621,2.0,66,0.0,89228,2014-12-01
2014,4,Río Negro,3.64,4.723,85094,94.0,2.319,4.0,30,0.0,95904,2014-12-01
2014,4,Salta,54.0,16.214,63221,12.552,1.922,0.0,4,0.0,93967,2014-12-01
2014,4,San Juan,11.0,478.0,51628,0.0,0.0,0.0,2,0.0,52119,2014-12-01
2014,4,San Luis,9.0,0.0,13135,0.0,0.0,1.0,2,0.0,13147,2014-12-01
2014,4,Santa Cruz,156.0,1.4,24145,1.0,1.0,0.0,0,0.0,25703,2014-12-01
2014,4,Santa Fe,8.707,99.962,359293,36.718,21.098,869.0,824,0.0,527471,2014-12-01
2014,4,Santiago Del Estero,1.246,8.913,24181,4.359,602.0,0.0,0,0.0,39301,2014-12-01
2014,4,Tierra Del Fuego,12.0,283.0,31489,2.0,0.0,0.0,0,0.0,31786,2014-12-01
2014,4,Tucumán,17.0,28.746,85091,20.631,2.733,196.0,0,0.0,137414,2014-12-01
2014,3,Buenos Aires,7.355,128.187,2281524,156.693,68.947,243.0,4232,0.0,2647181,2014-09-01
2014,3,Capital Federal,840.0,78.016,1060145,102.17,70.907,95.0,6626,0.0,1318799,2014-09-01
2014,3,Catamarca,19.0,8.845,13790,1.915,111.0,0.0,0,0.0,24680,2014-09-01
2014,3,Chaco,398.0,14.731,41934,5.428,1.274,5.0,0,0.0,63770,2014-09-01
2014,3,Chubut,2.013,6.281,60771,34.0,0.0,0.0,0,0.0,69099,2014-09-01
2014,3,Córdoba,660.0,98.992,435692,28.992,18.888,84.0,664,0.0,583972,2014-09-01
2014,3,Corrientes,21.0,15.448,41717,5.181,1.172,0.0,0,0.0,63539,2014-09-01
2014,3,Entre Ríos,1.709,29.71,91450,12.569,1.31,0.0,48,0.0,136796,2014-09-01
2014,3,Formosa,2.001,8.323,14202,1.324,85.0,0.0,0,0.0,25935,2014-09-01
2014,3,Jujuy,127.0,10.979,20216,2.305,82.0,0.0,0,0.0,33709,2014-09-01
2014,3,La Pampa,6.458,6.645,41009,24.0,5.0,4.0,10,0.0,54155,2014-09-01
2014,3,La Rioja,10.0,4.785,9720,1.337,61.0,0.0,0,0.0,15913,2014-09-01
2014,3,Mendoza,35.0,0.0,167763,31.0,12.0,13.0,1,0.0,167855,2014-09-01
2014,3,Misiones,640.0,13.637,53510,5.928,1.606,0.0,1,0.0,75322,2014-09-01
2014,3,Neuquén,1.522,3.099,80090,107.0,2.865,10.0,27,0.0,87720,2014-09-01
2014,3,Río Negro,3.64,5.189,86868,87.0,1.944,8.0,9,0.0,97745,2014-09-01
2014,3,Salta,732.0,17.481,66026,8.314,388.0,0.0,0,0.0,92941,2014-09-01
2014,3,San Juan,8.0,487.0,51276,0.0,0.0,0.0,0,0.0,51771,2014-09-01
2014,3,San Luis,8.0,0.0,13029,0.0,0.0,3.0,0,0.0,13040,2014-09-01
2014,3,Santa Cruz,195.0,1.624,24248,1.0,1.0,0.0,0,0.0,26069,2014-09-01
2014,3,Santa Fe,8.23,112.593,357615,23.962,12.124,38.0,806,0.0,515368,2014-09-01
2014,3,Santiago Del Estero,791.0,9.914,23826,2.867,142.0,0.0,0,0.0,37540,2014-09-01
2014,3,Tierra Del Fuego,12.0,336.0,32348,2.0,0.0,0.0,0,0.0,32698,2014-09-01
2014,3,Tucumán,6.0,32.716,84668,14.101,559.0,4.0,0,0.0,132054,2014-09-01
2014,2,Buenos Aires,6.902,162.274,2288772,140.226,56.549,284.0,4309,0.0,2659316,2014-06-01
2014,2,Capital Federal,847.0,81.431,1078213,87.359,56.004,59.0,6427,0.0,1310340,2014-06-01
2014,2,Catamarca,19.0,8.844,13794,1.915,111.0,0.0,0,0.0,24683,2014-06-01
2014,2,Chaco,412.0,14.854,41530,5.418,1.085,5.0,0,0.0,63304,2014-06-01
2014,2,Chubut,2.064,6.582,61868,0.0,0.0,0.0,0,0.0,70514,2014-06-01
2014,2,Córdoba,2.105,101.598,429536,28.698,14.824,76.0,627,0.0,577464,2014-06-01
2014,2,Corrientes,20.0,15.563,41219,5.199,956.0,0.0,0,0.0,62957,2014-06-01
2014,2,Entre Ríos,2.187,32.781,86757,12.564,1.162,0.0,44,0.0,135495,2014-06-01
2014,2,Formosa,2.032,8.218,13944,1.321,85.0,0.0,0,0.0,25600,2014-06-01
2014,2,Jujuy,1.873,11.233,18851,2.305,82.0,0.0,0,0.0,34344,2014-06-01
2014,2,La Pampa,7.032,6.761,34089,18.0,5.0,4.0,10,0.0,47919,2014-06-01
2014,2,La Rioja,10.0,4.785,9719,1.337,61.0,0.0,0,0.0,15912,2014-06-01
2014,2,Mendoza,35.0,6.0,166710,31.0,10.0,5.0,10,0.0,166807,2014-06-01
2014,2,Misiones,540.0,13.644,53245,5.924,1.334,2.0,0,0.0,74689,2014-06-01
2014,2,Neuquén,1.531,3.206,79087,92.0,2.289,2.0,30,0.0,86237,2014-06-01
2014,2,Río Negro,3.468,5.507,84978,78.0,1.569,2.0,8,0.0,95610,2014-06-01
2014,2,Salta,53.0,18.818,64440,8.293,388.0,0.0,0,0.0,91992,2014-06-01
2014,2,San Juan,10.0,507.0,51129,0.0,0.0,0.0,0,0.0,51646,2014-06-01
2014,2,San Luis,7.0,0.0,13045,0.0,0.0,1.0,2,0.0,13055,2014-06-01
2014,2,Santa Cruz,153.0,1.637,25374,2.0,0.0,0.0,0,0.0,27166,2014-06-01
2014,2,Santa Fe,8.515,115.197,353559,23.939,10.058,34.0,792,0.0,512094,2014-06-01
2014,2,Santiago Del Estero,1.231,9.914,23842,2.867,142.0,0.0,0,0.0,37996,2014-06-01
2014,2,Tierra Del Fuego,12.0,334.0,31198,2.0,0.0,0.0,0,0.0,31546,2014-06-01
2014,2,Tucumán,6.0,32.714,84675,14.101,559.0,4.0,0,0.0,132059,2014-06-01
2014,1,Buenos Aires,8.469,171.244,2279875,121.787,38.923,206.0,4037,0.0,2624542,2014-03-01
2014,1,Capital Federal,852.0,88.826,1096050,70.293,38.798,55.0,6208,0.0,1301081,2014-03-01
2014,1,Catamarca,19.0,9.147,13330,1.672,64.0,0.0,0,0.0,24232,2014-03-01
2014,1,Chaco,438.0,15.849,40869,4.644,741.0,5.0,0,0.0,62546,2014-03-01
2014,1,Chubut,7.452,10.0,61329,0.0,0.0,0.0,0,0.0,68791,2014-03-01
2014,1,Córdoba,2.076,107.705,423114,24.112,9.818,40.0,588,0.0,567453,2014-03-01
2014,1,Corrientes,20.0,16.357,40742,4.486,630.0,0.0,0,0.0,62235,2014-03-01
2014,1,Entre Ríos,2.177,35.206,85248,10.828,746.0,0.0,43,0.0,134248,2014-03-01
2014,1,Formosa,2.062,8.475,13685,1.133,67.0,0.0,0,0.0,25422,2014-03-01
2014,1,Jujuy,1.832,11.498,18415,2.002,56.0,0.0,0,0.0,33803,2014-03-01
2014,1,La Pampa,7.434,6.535,32501,17.0,5.0,4.0,10,0.0,46506,2014-03-01
2014,1,La Rioja,10.0,5.111,9390,1.165,35.0,0.0,0,0.0,15711,2014-03-01
2014,1,Mendoza,35.0,6.0,166655,19.0,10.0,6.0,9,0.0,166740,2014-03-01
2014,1,Misiones,545.0,14.46,52852,5.139,958.0,0.0,0,0.0,73954,2014-03-01
2014,1,Neuquén,4.133,987.0,77148,84.0,1.582,2.0,22,0.0,83958,2014-03-01
2014,1,Río Negro,4.67,4.618,84304,73.0,1.062,1.0,8,0.0,94736,2014-03-01
2014,1,Salta,53.0,19.677,64061,7.192,314.0,0.0,0,0.0,91297,2014-03-01
2014,1,San Juan,531.0,2.0,51056,0.0,0.0,0.0,0,0.0,51589,2014-03-01
2014,1,San Luis,7.0,3.0,12544,0.0,1.0,0.0,2,0.0,12557,2014-03-01
2014,1,Santa Cruz,161.0,1.625,24972,1.0,1.0,0.0,0,0.0,26760,2014-03-01
2014,1,Santa Fe,8.456,124.468,345225,20.328,6.845,23.0,668,0.0,506013,2014-03-01
2014,1,Santiago Del Estero,1.234,10.531,22817,2.422,109.0,0.0,0,0.0,37113,2014-03-01
2014,1,Tierra Del Fuego,12.0,607.0,30902,6.0,0.0,0.0,0,0.0,31527,2014-03-01
2014,1,Tucumán,6.0,34.672,83210,11.779,362.0,3.0,0,0.0,130032,2014-03-01
