Año,Trimestre,Provincia,ADSL,Cablemodem,Fibra óptica,Wireless,Otros,Total,Fecha
2022,1,Buenos Aires,392045,20702080806050.0,10204020102010.0,125521,66.872,4555424,2022-03-01
2022,1,Capital Federal,102290,10201070202050.0,6020300080.0,5784,29.934,1417541,2022-03-01
2022,1,Catamarca,14181,1050501070.0,2090101080.0,1328,2.234,62378,2022-03-01
2022,1,Chaco,32391,6040504060.0,3060606020.0,8164,2.356,144119,2022-03-01
2022,1,Chubut,44133,6060606070.0,90108040.0,30592,21.052,171628,2022-03-01
2022,1,Córdoba,195610,5010709090.0,203050803080.0,60843,9.713,1003803,2022-03-01
2022,1,Corrientes,40462,70909030.0,1000807050.0,6774,5.374,142578,2022-03-01
2022,1,Entre Ríos,67159,103080908060.0,2030009010.0,26098,12.592,267926,2022-03-01
2022,1,Formosa,16397,1050902070.0,50104060.0,16876,202.0,54548,2022-03-01
2022,1,Jujuy,21307,60601060.0,2050904090.0,4662,3.975,116509,2022-03-01
2022,1,La Pampa,8003,5080907080.0,2010703090.0,19903,1.109,109732,2022-03-01
2022,1,La Rioja,9103,5090202080.0,90504060.0,6395,31.0,84303,2022-03-01
2022,1,Mendoza,49464,7040104050.0,102030202080.0,26969,1.379,275185,2022-03-01
2022,1,Misiones,39147,9010705020.0,2050107080.0,7807,7.624,171508,2022-03-01
2022,1,Neuquén,28443,703020.0,2040109030.0,23098,745.0,149679,2022-03-01
2022,1,Río Negro,38662,4050306060.0,3080003070.0,16815,18.494,157374,2022-03-01
2022,1,Salta,44714,9080606070.0,4000909040.0,5950,7.19,197515,2022-03-01
2022,1,San Juan,34038,1040404090.0,1010209040.0,20723,7.674,88178,2022-03-01
2022,1,San Luis,7987,1010209060.0,3010.0,71809,28.721,119844,2022-03-01
2022,1,Santa Cruz,10537,20304020.0,1000706060.0,3974,405.0,49102,2022-03-01
2022,1,Santa Fe,213486,4040406090.0,104060505020.0,45261,20.571,870479,2022-03-01
2022,1,Santiago Del Estero,18118,8070907090.0,10009030.0,6349,2.922,116461,2022-03-01
2022,1,Tierra Del Fuego,13031,308070.0,401060.0,124,340.0,52611,2022-03-01
2022,1,Tucumán,92532,6020309060.0,8060107040.0,3995,487.0,245584,2022-03-01
2021,4,Buenos Aires,426325,2070605060.0,10107060002040.0,126887,73.415,4509157,2021-12-01
2021,4,Capital Federal,111360,102050102080.0,6000000050.0,5679,29.947,1412119,2021-12-01
2021,4,Catamarca,16385,1030805080.0,2050100000.0,1512,2.235,59090,2021-12-01
2021,4,Chaco,35548,6030104050.0,3040608080.0,8005,2.359,143745,2021-12-01
2021,4,Chubut,46361,5070401020.0,90605050.0,28041,18.839,160308,2021-12-01
2021,4,Córdoba,212011,408070408090.0,201070201040.0,61277,8.779,986770,2021-12-01
2021,4,Corrientes,42523,7010108030.0,1000103080.0,6778,5.29,135912,2021-12-01
2021,4,Entre Ríos,70459,103030308070.0,2030405020.0,25022,12.726,265046,2021-12-01
2021,4,Formosa,17211,1050101010.0,50105010.0,16018,172.0,53663,2021-12-01
2021,4,Jujuy,22330,60501010.0,2040105060.0,2927,3.991,113915,2021-12-01
2021,4,La Pampa,8175,5080.0,2000109020.0,19286,1.354,107007,2021-12-01
2021,4,La Rioja,10387,5060605010.0,90404060.0,6613,31.0,83128,2021-12-01
2021,4,Mendoza,59842,7010505030.0,100090606070.0,24666,1.859,267587,2021-12-01
2021,4,Misiones,41778,90206080.0,2020003050.0,7649,7.602,171132,2021-12-01
2021,4,Neuquén,29175,7020706010.0,2030205030.0,21531,746.0,147466,2021-12-01
2021,4,Río Negro,42037,4040409050.0,3020201020.0,16558,18.451,153753,2021-12-01
2021,4,Salta,46972,90908080.0,3090505050.0,5882,7.188,199405,2021-12-01
2021,4,San Juan,35868,10301020.0,1010007020.0,11423,8.493,79958,2021-12-01
2021,4,San Luis,8472,10106040.0,3000.0,70560,28.723,118849,2021-12-01
2021,4,Santa Cruz,10790,20209020.0,1000003010.0,4346,417.0,48486,2021-12-01
2021,4,Santa Fe,233427,404040307030.0,102080805060.0,43556,16.229,866441,2021-12-01
2021,4,Santiago Del Estero,19032,8060506030.0,10008080.0,6256,2.922,115861,2021-12-01
2021,4,Tierra Del Fuego,13317,3080104080.0,402060.0,124,342.0,52357,2021-12-01
2021,4,Tucumán,97830,50902020.0,7080709000.0,2511,486.0,238639,2021-12-01
2021,3,Buenos Aires,585729,20509050408050.0,808050601030.0,120228,64.554,4251609,2021-09-01
2021,3,Capital Federal,142902,101090201070.0,4020906060.0,6059,29.371,1413405,2021-09-01
2021,3,Catamarca,18413,10107090.0,2020303010.0,1568,2.233,56254,2021-09-01
2021,3,Chaco,38258,6030605090.0,2070508030.0,8018,2.353,139871,2021-09-01
2021,3,Chubut,49269,5050709040.0,80904060.0,23376,18.681,156066,2021-09-01
2021,3,Córdoba,229275,407070202030.0,106070409050.0,57617,15.178,946788,2021-09-01
2021,3,Corrientes,44805,60904030.0,70504020.0,6766,5.303,133819,2021-09-01
2021,3,Entre Ríos,74443,102080705020.0,2000408050.0,23500,13.195,260375,2021-09-01
2021,3,Formosa,18093,1040101010.0,40703000.0,15690,171.0,52795,2021-09-01
2021,3,Jujuy,23554,60705080.0,1090902060.0,2952,3.968,111158,2021-09-01
2021,3,La Pampa,9015,5070808010.0,1070801070.0,14479,1.295,100487,2021-09-01
2021,3,La Rioja,11329,5040704040.0,90404040.0,6613,30.0,82160,2021-09-01
2021,3,Mendoza,91474,7010204070.0,7000507090.0,21811,828.0,255939,2021-09-01
2021,3,Misiones,43230,8090406090.0,1000906090.0,7198,7.662,158528,2021-09-01
2021,3,Neuquén,29650,7030709040.0,1060405050.0,19270,640.0,139809,2021-09-01
2021,3,Río Negro,47934,4040501090.0,1080702050.0,15031,18.376,144585,2021-09-01
2021,3,Salta,49212,9080301080.0,3060102060.0,5724,6.453,195833,2021-09-01
2021,3,San Juan,40072,1020902020.0,60607000.0,11372,8.447,79483,2021-09-01
2021,3,San Luis,8417,1010808040.0,2070.0,68856,28.68,117864,2021-09-01
2021,3,Santa Cruz,12347,2020906010.0,60302080.0,4269,3.071,48976,2021-09-01
2021,3,Santa Fe,245929,404030105060.0,9030401020.0,43447,15.64,841584,2021-09-01
2021,3,Santiago Del Estero,19939,8050503050.0,900090.0,6147,2.928,115458,2021-09-01
2021,3,Tierra Del Fuego,12853,3060905080.0,60.0,16,390.0,50223,2021-09-01
2021,3,Tucumán,104489,5030806080.0,7000906040.0,2408,743.0,232472,2021-09-01
2021,2,Buenos Aires,603255,2050308030.0,805040107030.0,113546,57.547,4132351,2021-06-01
2021,2,Capital Federal,148989,101070509070.0,4010301080.0,5580,29.371,1400355,2021-06-01
2021,2,Catamarca,20305,90402060.0,2020303010.0,1449,2.233,55744,2021-06-01
2021,2,Chaco,39826,6020904080.0,2070508040.0,8018,2.353,140729,2021-06-01
2021,2,Chubut,49271,4010409070.0,60008010.0,23682,18.706,139237,2021-06-01
2021,2,Córdoba,239780,406070708020.0,105010805050.0,55944,15.519,930880,2021-06-01
2021,2,Corrientes,46648,6070206020.0,30703010.0,6557,5.303,129501,2021-06-01
2021,2,Entre Ríos,77836,102040905070.0,1070805060.0,23786,13.197,257632,2021-06-01
2021,2,Formosa,19571,10205090.0,30601000.0,15690,171.0,51551,2021-06-01
2021,2,Jujuy,24738,6080.0,1090601010.0,2731,3.968,111848,2021-06-01
2021,2,La Pampa,9017,50701040.0,1070103020.0,13209,1.295,97667,2021-06-01
2021,2,La Rioja,11627,5040205050.0,90404050.0,6245,30.0,81602,2021-06-01
2021,2,Mendoza,91503,70803040.0,4040609060.0,21811,827.0,229671,2021-06-01
2021,2,Misiones,44960,8070806010.0,1000307060.0,5317,7.662,156176,2021-06-01
2021,2,Neuquén,30083,70206090.0,1050601090.0,19218,640.0,138250,2021-06-01
2021,2,Río Negro,48189,4030706010.0,1080702070.0,15031,18.376,144084,2021-06-01
2021,2,Salta,51396,90601060.0,3020005000.0,5724,6.453,191639,2021-06-01
2021,2,San Juan,40072,1020306090.0,60607030.0,11372,8.447,78933,2021-06-01
2021,2,San Luis,8417,10103080.0,2080.0,66860,36.205,122818,2021-06-01
2021,2,Santa Cruz,12347,2020906070.0,60302080.0,4269,3.071,48982,2021-06-01
2021,2,Santa Fe,256741,403010901050.0,9000402040.0,43997,17.523,840600,2021-06-01
2021,2,Santiago Del Estero,20734,80307070.0,900090.0,5081,3.596,114090,2021-06-01
2021,2,Tierra Del Fuego,12853,20205040.0,60.0,14,316.0,35693,2021-06-01
2021,2,Tucumán,110429,4080305090.0,7010608030.0,1837,743.0,233051,2021-06-01
2021,1,Buenos Aires,629679,204050205060.0,802010509070.0,98806,57.864,4060002,2021-03-01
2021,1,Capital Federal,159805,101040509030.0,3090908000.0,5559,29.236,1379673,2021-03-01
2021,1,Catamarca,26316,404090.0,1080608080.0,322,2.233,51968,2021-03-01
2021,1,Chaco,43214,6010205010.0,2050402060.0,8004,1.875,139770,2021-03-01
2021,1,Chubut,45501,409060.0,30404040.0,23723,18.712,132340,2021-03-01
2021,1,Córdoba,260350,404040609050.0,103040603040.0,54137,17.065,910881,2021-03-01
2021,1,Corrientes,49160,6020807060.0,30303070.0,5949,5.303,126625,2021-03-01
2021,1,Entre Ríos,83688,101080402040.0,1060804060.0,20836,12.169,251963,2021-03-01
2021,1,Formosa,20663,1010401020.0,20506020.0,15669,380.0,50686,2021-03-01
2021,1,Jujuy,32254,5040302040.0,1070302020.0,2677,3.879,110456,2021-03-01
2021,1,La Pampa,8946,5080701010.0,1050707090.0,12369,1.3,97105,2021-03-01
2021,1,La Rioja,17363,3040908040.0,10.0,250,30.0,52628,2021-03-01
2021,1,Mendoza,91844,6090209050.0,3080601090.0,18332,833.0,218923,2021-03-01
2021,1,Misiones,48292,8020303090.0,70006040.0,4796,6.896,149387,2021-03-01
2021,1,Neuquén,30223,70405070.0,1040107010.0,17752,632.0,133235,2021-03-01
2021,1,Río Negro,48777,4020109020.0,1070802080.0,13994,18.377,141168,2021-03-01
2021,1,Salta,54768,8090108070.0,3010409080.0,5669,6.452,187574,2021-03-01
2021,1,San Juan,40072,1010508090.0,60607010.0,11482,8.453,78267,2021-03-01
2021,1,San Luis,8417,10607080.0,2080.0,63826,36.205,119154,2021-03-01
2021,1,Santa Cruz,12347,20308090.0,50907050.0,4264,390.0,46065,2021-03-01
2021,1,Santa Fe,277012,4020104080.0,7000907060.0,39140,17.519,826127,2021-03-01
2021,1,Santiago Del Estero,26468,7050804090.0,507000.0,5158,3.596,111641,2021-03-01
2021,1,Tierra Del Fuego,12853,2070204070.0,60.0,0,316.0,40422,2021-03-01
2021,1,Tucumán,147199,1020108050.0,6090905040.0,1834,740.0,231912,2021-03-01
2020,4,Buenos Aires,635651,20404010204080.0,800040909010.0,93444,57.927,4033261,2020-12-01
2020,4,Capital Federal,163060,10104020502080.0,3090809000.0,4815,29.237,1379530,2020-12-01
2020,4,Catamarca,26870,50101050.0,1070805060.0,322,2.233,52396,2020-12-01
2020,4,Chaco,44332,601020.0,2030608070.0,7997,1.875,139091,2020-12-01
2020,4,Chubut,45703,3090705060.0,30004000.0,23363,18.712,130574,2020-12-01
2020,4,Córdoba,267396,403090302020.0,102050602000.0,52827,17.536,902701,2020-12-01
2020,4,Corrientes,50102,6010409050.0,30104060.0,5626,5.29,125659,2020-12-01
2020,4,Entre Ríos,85683,1010306070.0,1050605030.0,20206,12.169,247381,2020-12-01
2020,4,Formosa,21264,10708090.0,20403020.0,15341,380.0,50206,2020-12-01
2020,4,Jujuy,32850,5020801050.0,1050603090.0,1077,3.47,105851,2020-12-01
2020,4,La Pampa,9009,5080904050.0,1050403020.0,12194,1.315,96895,2020-12-01
2020,4,La Rioja,17513,3040908040.0,10.0,250,30.0,52778,2020-12-01
2020,4,Mendoza,91842,6080306040.0,3060008030.0,18331,833.0,215453,2020-12-01
2020,4,Misiones,49462,7090805050.0,60508090.0,4359,6.896,147161,2020-12-01
2020,4,Neuquén,30468,70601040.0,1030703020.0,17689,632.0,133135,2020-12-01
2020,4,Río Negro,48991,40202020.0,1070802060.0,13994,18.377,141210,2020-12-01
2020,4,Salta,56659,8070801070.0,3000600040.0,5858,6.452,187390,2020-12-01
2020,4,San Juan,40072,7040.0,60509090.0,10468,8.453,72596,2020-12-01
2020,4,San Luis,8417,1010706070.0,2070.0,63019,36.205,119435,2020-12-01
2020,4,Santa Cruz,12347,1090605070.0,10004010.0,4659,2.97,40674,2020-12-01
2020,4,Santa Fe,287271,401040704060.0,6020609020.0,38712,17.392,820813,2020-12-01
2020,4,Santiago Del Estero,26812,70502020.0,507000.0,5169,3.596,106669,2020-12-01
2020,4,Tierra Del Fuego,12853,2060403090.0,60.0,0,316.0,39614,2020-12-01
2020,4,Tucumán,149322,10101050.0,6080004030.0,1834,740.0,231089,2020-12-01
2020,3,Buenos Aires,653930,20308040505070.0,704090008070.0,94162,55.541,3937277,2020-09-01
2020,3,Capital Federal,170375,10102090507030.0,3090401070.0,3936,29.374,1372675,2020-09-01
2020,3,Catamarca,26868,306090.0,1060805070.0,261,2.228,49904,2020-09-01
2020,3,Chaco,45745,5080802050.0,2000607050.0,6706,2.003,133954,2020-09-01
2020,3,Chubut,45761,3090308060.0,20809070.0,23216,18.767,130027,2020-09-01
2020,3,Córdoba,276360,4030707010.0,100020201070.0,48368,9.756,867472,2020-09-01
2020,3,Corrientes,50858,5080608010.0,20906000.0,5513,5.379,123391,2020-09-01
2020,3,Entre Ríos,87892,10609050.0,1030905040.0,20379,12.32,241495,2020-09-01
2020,3,Formosa,21790,1030.0,20000000.0,15023,393.0,49209,2020-09-01
2020,3,Jujuy,32611,5070608020.0,1010101020.0,952,4.371,106728,2020-09-01
2020,3,La Pampa,9015,5060804050.0,1040607070.0,11893,1.305,93735,2020-09-01
2020,3,La Rioja,17346,3040908040.0,10.0,250,35.0,52616,2020-09-01
2020,3,Mendoza,91908,6040607020.0,3020801070.0,17523,868.0,207788,2020-09-01
2020,3,Misiones,50195,7070908090.0,20507020.0,3445,8.985,143186,2020-09-01
2020,3,Neuquén,30222,70404060.0,1010004030.0,16787,737.0,129235,2020-09-01
2020,3,Río Negro,49530,4010.0,1000308010.0,13187,18.368,131467,2020-09-01
2020,3,Salta,58216,8040102080.0,2050404050.0,5764,7.293,180846,2020-09-01
2020,3,San Juan,40092,90202030.0,50500090.0,14023,8.48,77327,2020-09-01
2020,3,San Luis,8401,107070.0,60.0,61828,36.253,116565,2020-09-01
2020,3,Santa Cruz,12845,10609080.0,10002070.0,6938,2.373,39281,2020-09-01
2020,3,Santa Fe,295051,40508070.0,4050702010.0,37112,19.307,802998,2020-09-01
2020,3,Santiago Del Estero,26419,707020.0,505050.0,4185,3.613,105492,2020-09-01
2020,3,Tierra Del Fuego,12854,2060409010.0,0.0,0,310.0,39655,2020-09-01
2020,3,Tucumán,149605,1010705020.0,5090904090.0,1808,762.0,223876,2020-09-01
2020,2,Buenos Aires,661272,20204040207070.0,702030007020.0,91736,57.189,3777546,2020-06-01
2020,2,Capital Federal,178896,101060103030.0,3090408020.0,3937,29.373,1357821,2020-06-01
2020,2,Catamarca,26968,30604010.0,1040807080.0,261,2.228,47976,2020-06-01
2020,2,Chaco,46816,50601070.0,1070206060.0,6452,1.581,128132,2020-06-01
2020,2,Chubut,45761,3080207090.0,10302040.0,17678,5.614,108656,2020-06-01
2020,2,Córdoba,282858,40105070.0,8050801080.0,44522,8.263,836468,2020-06-01
2020,2,Corrientes,51248,5050503060.0,30104040.0,3927,5.011,118866,2020-06-01
2020,2,Entre Ríos,89391,9090402030.0,1030905040.0,20042,11.303,234113,2020-06-01
2020,2,Formosa,21805,90305030.0,10808020.0,14723,169.0,47932,2020-06-01
2020,2,Jujuy,32705,3080903080.0,50005070.0,952,16.664,94316,2020-06-01
2020,2,La Pampa,8551,5040402020.0,1040203020.0,11314,1.29,89809,2020-06-01
2020,2,La Rioja,16885,3040908040.0,10.0,250,35.0,52155,2020-06-01
2020,2,Mendoza,91904,6020904010.0,2090601030.0,15924,802.0,201184,2020-06-01
2020,2,Misiones,50792,7040409070.0,20507090.0,3319,9.153,140340,2020-06-01
2020,2,Neuquén,30256,60709090.0,1010003070.0,15755,1.134,126172,2020-06-01
2020,2,Río Negro,49756,30906050.0,1000308020.0,11331,18.367,129486,2020-06-01
2020,2,Salta,59502,80107040.0,2040208090.0,5123,7.108,177762,2020-06-01
2020,2,San Juan,40092,80207050.0,50500090.0,7019,8.882,69777,2020-06-01
2020,2,San Luis,8401,80305070.0,60.0,60935,36.253,113952,2020-06-01
2020,2,Santa Cruz,12845,10604040.0,10002070.0,6585,2.368,38869,2020-06-01
2020,2,Santa Fe,299974,308010607090.0,4060609080.0,30487,19.094,777932,2020-06-01
2020,2,Santiago Del Estero,25917,70207040.0,305050.0,3038,4.063,105447,2020-06-01
2020,2,Tierra Del Fuego,12854,20602050.0,0.0,0,310.0,39189,2020-06-01
2020,2,Tucumán,150084,90803030.0,5050102000.0,1357,762.0,217156,2020-06-01
2020,1,Buenos Aires,673237,202010304090.0,702000608080.0,85443,18.334,3708051,2020-03-01
2020,1,Capital Federal,184494,109070603050.0,3080809080.0,3911,28.556,1353494,2020-03-01
2020,1,Catamarca,21945,30104060.0,1020005060.0,261,2.227,39635,2020-03-01
2020,1,Chaco,46356,5040104040.0,1010905080.0,6239,1.58,120277,2020-03-01
2020,1,Chubut,45763,2070208070.0,10302040.0,16885,5.479,96738,2020-03-01
2020,1,Córdoba,286168,40601090.0,6080501020.0,41617,8.693,811099,2020-03-01
2020,1,Corrientes,51126,5030203010.0,20107020.0,2437,5.004,113970,2020-03-01
2020,1,Entre Ríos,90368,9050403040.0,1030204050.0,18737,14.062,231846,2020-03-01
2020,1,Formosa,21068,80808070.0,10800000.0,14510,169.0,46434,2020-03-01
2020,1,Jujuy,32066,3080903080.0,30007080.0,942,16.641,91665,2020-03-01
2020,1,La Pampa,8553,5030705050.0,1030802010.0,11295,1.802,89226,2020-03-01
2020,1,La Rioja,13076,3040908040.0,0.0,251,29.0,48340,2020-03-01
2020,1,Mendoza,91955,50205010.0,2080005090.0,12465,722.0,183452,2020-03-01
2020,1,Misiones,51458,6090405020.0,10202000.0,460,10.962,133552,2020-03-01
2020,1,Neuquén,29305,6050905010.0,1010003010.0,14711,729.0,121727,2020-03-01
2020,1,Río Negro,47756,3080407090.0,1000308010.0,11222,18.362,126200,2020-03-01
2020,1,Salta,60426,7050509030.0,2030002050.0,4125,7.212,170381,2020-03-01
2020,1,San Juan,40092,60404080.0,50500080.0,7082,5.101,64231,2020-03-01
2020,1,San Luis,8301,70601020.0,50.0,58301,36.333,110552,2020-03-01
2020,1,Santa Cruz,12845,1050706060.0,10002060.0,6817,2.368,38822,2020-03-01
2020,1,Santa Fe,302366,308030607030.0,3050102030.0,30488,19.468,771118,2020-03-01
2020,1,Santiago Del Estero,24695,70402040.0,200000.0,2779,4.657,102755,2020-03-01
2020,1,Tierra Del Fuego,12854,2050603020.0,0.0,0,308.0,38794,2020-03-01
2020,1,Tucumán,143184,10409040.0,4040608070.0,1355,347.0,200067,2020-03-01
2019,4,Buenos Aires,720011,20109010607020.0,606090109040.0,87111,18.266,3686254,2019-12-01
2019,4,Capital Federal,196938,109030104030.0,3050503040.0,3914,28.576,1358105,2019-12-01
2019,4,Catamarca,22999,30301080.0,90500060.0,261,2.227,38311,2019-12-01
2019,4,Chaco,48661,50306020.0,80803010.0,5229,1.58,117903,2019-12-01
2019,4,Chubut,47045,2060907070.0,10302040.0,15267,5.489,96102,2019-12-01
2019,4,Córdoba,296872,40103080.0,5030303050.0,37750,8.693,806688,2019-12-01
2019,4,Corrientes,52525,5010804050.0,20000020.0,2458,5.004,113834,2019-12-01
2019,4,Entre Ríos,92981,90902060.0,1020807050.0,18561,15.407,239030,2019-12-01
2019,4,Formosa,21567,80608040.0,10706000.0,14531,169.0,46711,2019-12-01
2019,4,Jujuy,32949,30706040.0,807030.0,814,16.641,88881,2019-12-01
2019,4,La Pampa,15457,5060805040.0,40904020.0,11341,1.805,90399,2019-12-01
2019,4,La Rioja,13738,3040908040.0,0.0,251,29.0,49002,2019-12-01
2019,4,Mendoza,96678,4090701010.0,2040908090.0,13672,730.0,185780,2019-12-01
2019,4,Misiones,53116,6090607060.0,804070.0,441,11.733,135813,2019-12-01
2019,4,Neuquén,29826,609070.0,1000504090.0,14246,854.0,116445,2019-12-01
2019,4,Río Negro,49747,3070903030.0,90605080.0,11437,18.365,127140,2019-12-01
2019,4,Salta,63272,70606020.0,2010806050.0,3040,8.206,172445,2019-12-01
2019,4,San Juan,41360,60303080.0,40903010.0,7241,5.104,64974,2019-12-01
2019,4,San Luis,8569,802070.0,60.0,55266,36.333,108201,2019-12-01
2019,4,Santa Cruz,13264,1050809090.0,10003060.0,6800,2.371,39370,2019-12-01
2019,4,Santa Fe,312072,308020205040.0,2070406040.0,26978,20.401,769169,2019-12-01
2019,4,Santiago Del Estero,24682,7010203090.0,200000.0,2810,4.657,103588,2019-12-01
2019,4,Tierra Del Fuego,13261,2060802010.0,0.0,0,310.0,40392,2019-12-01
2019,4,Tucumán,146985,10101020.0,3090507040.0,725,348.0,198644,2019-12-01
2019,3,Buenos Aires,1277249,20104040905060.0,402050308060.0,85572,27.07,3960233,2019-09-01
2019,3,Capital Federal,300288,1080907030.0,2040900000.0,3895,31.155,1441211,2019-09-01
2019,3,Catamarca,24349,50504030.0,1030.0,244,2.251,32400,2019-09-01
2019,3,Chaco,50416,4090105060.0,80006030.0,5224,1.592,114451,2019-09-01
2019,3,Chubut,37298,207090.0,10901070.0,15149,7.551,89005,2019-09-01
2019,3,Córdoba,307780,309090203010.0,3000006040.0,37277,8.701,783053,2019-09-01
2019,3,Corrientes,53344,502030.0,10808080.0,2458,4.839,112759,2019-09-01
2019,3,Entre Ríos,94947,90603050.0,1020808080.0,18530,15.432,238102,2019-09-01
2019,3,Formosa,21777,80305090.0,10407060.0,14292,162.0,46066,2019-09-01
2019,3,Jujuy,33110,3050704020.0,207040.0,812,16.638,86576,2019-09-01
2019,3,La Pampa,19469,5020904010.0,40909040.0,11462,1.962,90828,2019-09-01
2019,3,La Rioja,14390,3040908040.0,1010.0,251,41.0,49677,2019-09-01
2019,3,Mendoza,148640,5040301020.0,60806050.0,12975,1.545,224337,2019-09-01
2019,3,Misiones,54493,6050807020.0,802090.0,419,12.27,133883,2019-09-01
2019,3,Neuquén,43347,60408040.0,50506000.0,13512,2.518,125421,2019-09-01
2019,3,Río Negro,67478,3070402050.0,90703090.0,10806,18.847,144295,2019-09-01
2019,3,Salta,65799,7040302090.0,703030.0,1580,9.394,151835,2019-09-01
2019,3,San Juan,51670,70402050.0,10202070.0,7241,5.535,73098,2019-09-01
2019,3,San Luis,13037,10506010.0,305000.0,62286,36.466,122700,2019-09-01
2019,3,Santa Cruz,10663,10705060.0,906090.0,6544,2.738,37970,2019-09-01
2019,3,Santa Fe,319396,307070107010.0,1080609000.0,24269,21.408,760934,2019-09-01
2019,3,Santiago Del Estero,24556,7010109080.0,201090.0,2759,34.4,133132,2019-09-01
2019,3,Tierra Del Fuego,19790,2060605090.0,605010.0,0,1.487,48587,2019-09-01
2019,3,Tucumán,150918,10208090.0,101060.0,684,324.0,164131,2019-09-01
2019,2,Buenos Aires,1284658,20709090.0,308020907010.0,75240,32.929,3855698,2019-06-01
2019,2,Capital Federal,309937,106010305080.0,3060008020.0,3962,4.281,1415620,2019-06-01
2019,2,Catamarca,25682,50504030.0,1030.0,146,2.251,33635,2019-06-01
2019,2,Chaco,50765,4070404080.0,40200030.0,4727,1.591,108734,2019-06-01
2019,2,Chubut,37313,2060303080.0,10901070.0,14443,7.545,87556,2019-06-01
2019,2,Córdoba,314768,308080205040.0,2030002030.0,33847,15.236,775128,2019-06-01
2019,2,Corrientes,53835,4070403010.0,10700010.0,2444,6.138,111549,2019-06-01
2019,2,Entre Ríos,97081,90108010.0,1020706040.0,17369,17.529,235824,2019-06-01
2019,2,Formosa,21916,80608060.0,10308020.0,14292,162.0,46438,2019-06-01
2019,2,Jujuy,33022,30704020.0,207040.0,812,21.857,86707,2019-06-01
2019,2,La Pampa,19471,50201010.0,40804000.0,10789,3.004,90205,2019-06-01
2019,2,La Rioja,15014,3040908040.0,1010.0,251,41.0,50301,2019-06-01
2019,2,Mendoza,148673,50402070.0,60806050.0,12748,1.544,223857,2019-06-01
2019,2,Misiones,55373,6040207020.0,504030.0,421,12.269,132878,2019-06-01
2019,2,Neuquén,43420,50902010.0,40908030.0,12792,2.737,122953,2019-06-01
2019,2,Río Negro,67841,3060502070.0,40003070.0,10485,19.657,138547,2019-06-01
2019,2,Salta,68827,6020304030.0,702050.0,1210,9.463,142568,2019-06-01
2019,2,San Juan,51680,70402050.0,10107040.0,2870,6.876,70025,2019-06-01
2019,2,San Luis,11130,10209080.0,304070.0,57242,38.368,117385,2019-06-01
2019,2,Santa Cruz,10665,10205070.0,307090.0,6514,2.735,30550,2019-06-01
2019,2,Santa Fe,325420,3050501040.0,1080203060.0,21980,22.708,743484,2019-06-01
2019,2,Santiago Del Estero,24393,6040708030.0,201090.0,2759,34.6,126754,2019-06-01
2019,2,Tierra Del Fuego,19790,2050502070.0,605010.0,0,1.486,47454,2019-06-01
2019,2,Tucumán,153121,10208090.0,101060.0,684,321.0,166331,2019-06-01
2019,1,Buenos Aires,1304507,20207030.0,303060306020.0,64867,20.201,3746667,2019-03-01
2019,1,Capital Federal,328246,1030801040.0,3020208010.0,3978,4.281,1399600,2019-03-01
2019,1,Catamarca,26912,40404030.0,1060.0,0,2.251,33622,2019-03-01
2019,1,Chaco,53409,4030505050.0,10905010.0,3628,1.134,103677,2019-03-01
2019,1,Chubut,37302,20306050.0,10902030.0,14443,3.045,79778,2019-03-01
2019,1,Córdoba,323272,306030905090.0,1090900020.0,24615,12.367,744115,2019-03-01
2019,1,Corrientes,55842,4030404040.0,10601050.0,1528,58.0,102487,2019-03-01
2019,1,Entre Ríos,100999,90205030.0,1020702030.0,16231,12.241,232447,2019-03-01
2019,1,Formosa,22570,70807080.0,904000.0,13761,62.0,45211,2019-03-01
2019,1,Jujuy,33248,1020408040.0,105030.0,640,43.622,90147,2019-03-01
2019,1,La Pampa,18832,5070307030.0,20809010.0,9023,1.041,89160,2019-03-01
2019,1,La Rioja,16367,3040908040.0,1020.0,252,41.0,51656,2019-03-01
2019,1,Mendoza,148524,402050.0,50606020.0,10363,1.544,206298,2019-03-01
2019,1,Misiones,54898,5090201040.0,406050.0,426,7.717,122720,2019-03-01
2019,1,Neuquén,40747,5050603040.0,30101040.0,12510,2.372,114377,2019-03-01
2019,1,Río Negro,68377,3040102040.0,30909040.0,9736,4.857,121088,2019-03-01
2019,1,Salta,74426,5070903030.0,604070.0,1135,1.879,136020,2019-03-01
2019,1,San Juan,51660,50803080.0,800080.0,2932,1.207,62445,2019-03-01
2019,1,San Luis,11108,70708040.0,307080.0,53097,23.968,96335,2019-03-01
2019,1,Santa Cruz,10659,40601050.0,308020.0,6514,2.735,24905,2019-03-01
2019,1,Santa Fe,340038,3040304040.0,1050602010.0,23215,17.86,737078,2019-03-01
2019,1,Santiago Del Estero,25337,6010504070.0,2030.0,2847,99.0,89853,2019-03-01
2019,1,Tierra Del Fuego,19789,2030504090.0,10602030.0,0,1.486,46447,2019-03-01
2019,1,Tucumán,159215,10106070.0,101080.0,678,321.0,172002,2019-03-01
2018,4,Buenos Aires,1305576,10904090603070.0,209060100020.0,65477,19.814,3636606,2018-12-01
2018,4,Capital Federal,328253,1010904090.0,3030004020.0,3978,4.257,1389020,2018-12-01
2018,4,Catamarca,26912,40404030.0,1060.0,0,2.212,33583,2018-12-01
2018,4,Chaco,53409,4030505050.0,10904000.0,3236,1.13,103270,2018-12-01
2018,4,Chubut,37215,20306050.0,905020.0,14443,3.047,78722,2018-12-01
2018,4,Córdoba,328854,305050701060.0,1070607050.0,21851,13.243,737339,2018-12-01
2018,4,Corrientes,55842,4020401080.0,709060.0,1515,30.0,100601,2018-12-01
2018,4,Entre Ríos,101168,8060109080.0,40805030.0,15472,14.356,222047,2018-12-01
2018,4,Formosa,22619,708080.0,808070.0,13761,57.0,45204,2018-12-01
2018,4,Jujuy,33248,1020408040.0,105030.0,640,43.608,90133,2018-12-01
2018,4,La Pampa,18832,5050303070.0,20608050.0,7772,1.01,85636,2018-12-01
2018,4,La Rioja,16367,3040908040.0,1020.0,252,36.0,51651,2018-12-01
2018,4,Mendoza,148524,402050.0,50606050.0,10363,1.547,206304,2018-12-01
2018,4,Misiones,55500,5030607030.0,406050.0,426,6.209,116273,2018-12-01
2018,4,Neuquén,40747,5050603040.0,30101050.0,12425,2.444,114365,2018-12-01
2018,4,Río Negro,68377,3040209020.0,10209090.0,8037,4.832,116837,2018-12-01
2018,4,Salta,74295,5070503090.0,603080.0,253,1.853,134578,2018-12-01
2018,4,San Juan,51660,50803080.0,800060.0,2883,1.211,62398,2018-12-01
2018,4,San Luis,11108,70708040.0,307080.0,53097,23.964,96331,2018-12-01
2018,4,Santa Cruz,10659,40601050.0,308020.0,6378,2.734,24768,2018-12-01
2018,4,Santa Fe,335519,302020708020.0,1040308070.0,18705,28.997,720390,2018-12-01
2018,4,Santiago Del Estero,25339,6010204030.0,2030.0,2649,81.0,89335,2018-12-01
2018,4,Tierra Del Fuego,19789,2030304090.0,10602030.0,0,1.499,46260,2018-12-01
2018,4,Tucumán,159215,10106070.0,101090.0,686,314.0,172004,2018-12-01
2018,3,Buenos Aires,1435856,10902090207030.0,105060308020.0,62318,26.448,3610277,2018-09-01
2018,3,Capital Federal,334353,1090205020.0,3050609040.0,3872,9.319,1392490,2018-09-01
2018,3,Catamarca,27553,40404030.0,1050.0,1,2.214,34226,2018-09-01
2018,3,Chaco,53927,4020305090.0,10909000.0,2628,1.129,102033,2018-09-01
2018,3,Chubut,58887,20306050.0,10203090.0,13817,6.728,103736,2018-09-01
2018,3,Córdoba,337620,3040204010.0,1050708050.0,19213,10.839,725858,2018-09-01
2018,3,Corrientes,56444,401030.0,201020.0,1468,32.0,99456,2018-09-01
2018,3,Entre Ríos,103318,8030701040.0,20400030.0,15093,80.0,204608,2018-09-01
2018,3,Formosa,22777,70508090.0,801070.0,13625,57.0,44865,2018-09-01
2018,3,Jujuy,33363,10805060.0,3020.0,641,43.0,44935,2018-09-01
2018,3,La Pampa,12415,5040507040.0,80403070.0,7011,987.0,83424,2018-09-01
2018,3,La Rioja,16587,3040908040.0,1030.0,253,35.0,51872,2018-09-01
2018,3,Mendoza,151033,402050.0,50704040.0,8195,1.852,207029,2018-09-01
2018,3,Misiones,56290,50709030.0,501020.0,391,56.0,108042,2018-09-01
2018,3,Neuquén,46602,5040102090.0,909080.0,12277,2.712,116718,2018-09-01
2018,3,Río Negro,68590,3030407040.0,10205020.0,5051,5.125,113492,2018-09-01
2018,3,Salta,76600,50309080.0,607080.0,234,1.391,132883,2018-09-01
2018,3,San Juan,54025,50803080.0,802060.0,2744,1.048,64481,2018-09-01
2018,3,San Luis,11096,70708040.0,306080.0,52859,2.314,74421,2018-09-01
2018,3,Santa Cruz,18606,40507040.0,508050.0,6238,3.996,33999,2018-09-01
2018,3,Santa Fe,339126,301020806060.0,1010704090.0,16337,15.022,695100,2018-09-01
2018,3,Santiago Del Estero,25805,5080708090.0,2030.0,1662,81.0,86360,2018-09-01
2018,3,Tierra Del Fuego,19365,2020604090.0,10500020.0,1,2.047,45564,2018-09-01
2018,3,Tucumán,161209,902080.0,101000.0,252,315.0,171166,2018-09-01
2018,2,Buenos Aires,1450203,108070806080.0,104030602060.0,71256,27.746,3500699,2018-06-01
2018,2,Capital Federal,342431,907070901060.0,3050601000.0,3908,9.321,1369186,2018-06-01
2018,2,Catamarca,27444,40401050.0,1050.0,1,2.214,34089,2018-06-01
2018,2,Chaco,54134,407050.0,506020.0,1946,1.129,98521,2018-06-01
2018,2,Chubut,58935,1090509010.0,10203090.0,14070,6.729,100564,2018-06-01
2018,2,Córdoba,345141,302070603060.0,1030803020.0,16355,10.109,713073,2018-06-01
2018,2,Corrientes,56541,3090701050.0,200010.0,1468,32.0,97957,2018-06-01
2018,2,Entre Ríos,104811,80307060.0,20400050.0,12313,80.0,199985,2018-06-01
2018,2,Formosa,23543,70301010.0,1080.0,13625,57.0,44554,2018-06-01
2018,2,Jujuy,33571,10805060.0,2030.0,640,43.0,45133,2018-06-01
2018,2,La Pampa,12416,5030508070.0,80402000.0,7011,987.0,82421,2018-06-01
2018,2,La Rioja,16663,3040908040.0,1030.0,253,35.0,51948,2018-06-01
2018,2,Mendoza,152938,3060807020.0,30008040.0,6206,1.852,200952,2018-06-01
2018,2,Misiones,57265,4070902030.0,501020.0,391,56.0,106147,2018-06-01
2018,2,Neuquén,46633,5020805050.0,909080.0,12649,2.713,115848,2018-06-01
2018,2,Río Negro,68667,3020709050.0,10205020.0,4396,5.125,112235,2018-06-01
2018,2,Salta,78386,5030407080.0,607080.0,234,1.391,134167,2018-06-01
2018,2,San Juan,54080,506080.0,802060.0,3079,1.048,64101,2018-06-01
2018,2,San Luis,11104,70606060.0,306080.0,16,2.314,21468,2018-06-01
2018,2,Santa Cruz,18615,40407040.0,508050.0,6734,3.997,34405,2018-06-01
2018,2,Santa Fe,337934,3040304090.0,1010305040.0,15801,15.114,684552,2018-06-01
2018,2,Santiago Del Estero,26074,5050903050.0,2030.0,1662,81.0,83775,2018-06-01
2018,2,Tierra Del Fuego,19372,2020705060.0,503010.0,1,2.047,44707,2018-06-01
2018,2,Tucumán,160315,80906050.0,101000.0,252,315.0,169957,2018-06-01
2018,1,Buenos Aires,1452061,10709030808040.0,103030902080.0,64379,31.194,3475446,2018-03-01
2018,1,Capital Federal,349995,906080408030.0,3050503050.0,3164,9.393,1366570,2018-03-01
2018,1,Catamarca,27300,40401050.0,1050.0,1,2.214,33945,2018-03-01
2018,1,Chaco,54879,40105070.0,308030.0,388,1.13,96937,2018-03-01
2018,1,Chubut,56375,1090509010.0,10109040.0,14070,6.729,97959,2018-03-01
2018,1,Córdoba,349342,302060809040.0,1030107080.0,13237,11.275,713926,2018-03-01
2018,1,Corrientes,56937,3050202050.0,808080.0,1334,33.0,94417,2018-03-01
2018,1,Entre Ríos,106998,7050705010.0,30708090.0,10776,80.0,197394,2018-03-01
2018,1,Formosa,23556,709050.0,1070.0,1603,57.0,32328,2018-03-01
2018,1,Jujuy,33856,10405060.0,2030.0,28,43.0,44406,2018-03-01
2018,1,La Pampa,10807,5010308090.0,80308060.0,10556,1.926,83064,2018-03-01
2018,1,La Rioja,16960,3040908040.0,1030.0,253,35.0,52245,2018-03-01
2018,1,Mendoza,152931,3060807020.0,30008060.0,6206,1.852,200947,2018-03-01
2018,1,Misiones,56311,40608080.0,302080.0,5,56.0,103580,2018-03-01
2018,1,Neuquén,46714,50507020.0,10000000.0,12404,2.713,117903,2018-03-01
2018,1,Río Negro,68769,3010701020.0,10205010.0,4259,5.128,111119,2018-03-01
2018,1,Salta,79936,5010503040.0,101080.0,204,1.391,133183,2018-03-01
2018,1,San Juan,54080,506080.0,802060.0,2246,1.048,63268,2018-03-01
2018,1,San Luis,11104,70509040.0,306080.0,16,2.314,21396,2018-03-01
2018,1,Santa Cruz,18615,40407040.0,10709090.0,6734,2.783,34405,2018-03-01
2018,1,Santa Fe,341997,30402010.0,1000607040.0,11636,15.298,680026,2018-03-01
2018,1,Santiago Del Estero,26788,5040509040.0,2030.0,1432,81.0,82918,2018-03-01
2018,1,Tierra Del Fuego,19372,90606030.0,503010.0,1,2.047,31614,2018-03-01
2018,1,Tucumán,158611,80902010.0,100070.0,368,50.0,168057,2018-03-01
2017,4,Buenos Aires,1241172,107010801030.0,103010108010.0,60082,31.448,3181896,2017-12-01
2017,4,Capital Federal,571363,906010608080.0,3060207070.0,3119,9.877,1582324,2017-12-01
2017,4,Catamarca,27083,206030.0,1010.0,1,2.2,29558,2017-12-01
2017,4,Chaco,55035,30906090.0,308090.0,380,1.121,96615,2017-12-01
2017,4,Chubut,56378,10509070.0,10108070.0,14070,6.708,93440,2017-12-01
2017,4,Córdoba,349710,3020407090.0,1020707080.0,12043,10.739,709979,2017-12-01
2017,4,Corrientes,56786,3040702020.0,809040.0,1334,35.0,93771,2017-12-01
2017,4,Entre Ríos,107764,7030609020.0,10809040.0,10267,86.0,193703,2017-12-01
2017,4,Formosa,23410,60907030.0,1090.0,1603,51.0,32056,2017-12-01
2017,4,Jujuy,33844,90602060.0,2000.0,28,34.0,43552,2017-12-01
2017,4,La Pampa,10808,50409050.0,80207020.0,10569,1.927,82071,2017-12-01
2017,4,La Rioja,16912,3040908040.0,1040.0,253,31.0,52194,2017-12-01
2017,4,Mendoza,152896,1060101040.0,30001050.0,6206,1.92,180151,2017-12-01
2017,4,Misiones,56271,40704070.0,9050.0,5,54.0,103895,2017-12-01
2017,4,Neuquén,46739,5040101090.0,10001070.0,12404,2.692,116971,2017-12-01
2017,4,Río Negro,68690,30405010.0,10205000.0,4259,5.114,109764,2017-12-01
2017,4,Salta,80705,50404060.0,102070.0,158,1.376,132812,2017-12-01
2017,4,San Juan,54079,405010.0,801020.0,2246,1.036,58624,2017-12-01
2017,4,San Luis,11104,10101090.0,303050.0,17,2.329,14904,2017-12-01
2017,4,Santa Cruz,18614,10606080.0,508020.0,4638,3.95,29452,2017-12-01
2017,4,Santa Fe,341680,209030803010.0,1000600020.0,10965,15.382,672460,2017-12-01
2017,4,Santiago Del Estero,27313,404070.0,1090.0,1025,80.0,68844,2017-12-01
2017,4,Tierra Del Fuego,19372,609060.0,503000.0,1,2.045,28854,2017-12-01
2017,4,Tucumán,156583,50202030.0,100050.0,102,319.0,162332,2017-12-01
2017,3,Buenos Aires,1288025,105070101080.0,102040902000.0,35058,38.777,3057960,2017-09-01
2017,3,Capital Federal,583249,9040109020.0,3030408010.0,2814,9.723,1570359,2017-09-01
2017,3,Catamarca,26873,40401010.0,1020.0,1,2.181,33478,2017-09-01
2017,3,Chaco,54888,30703070.0,405060.0,36,1.072,93759,2017-09-01
2017,3,Chubut,56359,50604050.0,10201070.0,13503,6.82,83544,2017-09-01
2017,3,Córdoba,344580,3010903060.0,1000507090.0,7137,14.988,696644,2017-09-01
2017,3,Corrientes,56247,3030909030.0,904070.0,1334,27.0,92548,2017-09-01
2017,3,Entre Ríos,107774,6090509060.0,10708060.0,6245,63.0,185464,2017-09-01
2017,3,Formosa,22647,60801060.0,402080.0,2202,12.0,32105,2017-09-01
2017,3,Jujuy,33796,90309050.0,2000.0,23,8.0,43242,2017-09-01
2017,3,La Pampa,11378,4090607090.0,50105030.0,11536,1.944,79690,2017-09-01
2017,3,La Rioja,16638,3040908040.0,1040.0,252,25.0,51913,2017-09-01
2017,3,Mendoza,154036,3030708080.0,20707020.0,29,1.866,192491,2017-09-01
2017,3,Misiones,56472,40308080.0,101000.0,5,9.0,100476,2017-09-01
2017,3,Neuquén,48001,5020406080.0,10004040.0,11576,2.695,115784,2017-09-01
2017,3,Río Negro,69301,301080.0,10100060.0,3054,4.017,107496,2017-09-01
2017,3,Salta,80782,50208040.0,102070.0,158,1.167,132518,2017-09-01
2017,3,San Juan,54499,506080.0,801060.0,1053,1.013,62449,2017-09-01
2017,3,San Luis,11407,70507060.0,304070.0,26,2.363,21719,2017-09-01
2017,3,Santa Cruz,19220,50408070.0,10504040.0,4552,2.887,33690,2017-09-01
2017,3,Santa Fe,322953,2090605050.0,60303080.0,4897,37.499,662342,2017-09-01
2017,3,Santiago Del Estero,27733,50409060.0,1090.0,911,35.0,82794,2017-09-01
2017,3,Tierra Del Fuego,21587,701020.0,602020.0,1,2.244,31466,2017-09-01
2017,3,Tucumán,154130,60403010.0,100060.0,40,305.0,161012,2017-09-01
2017,2,Buenos Aires,1378549,105030503070.0,101090103020.0,21555,24.358,3078631,2017-06-01
2017,2,Capital Federal,615262,903020406060.0,3080602080.0,2819,11.016,1600191,2017-06-01
2017,2,Catamarca,26401,205050.0,1040.0,1,34.0,26705,2017-06-01
2017,2,Chaco,54449,3050601030.0,405080.0,52,39.0,90611,2017-06-01
2017,2,Chubut,43994,106070.0,901060.0,13194,4.804,63975,2017-06-01
2017,2,Córdoba,341748,3030408080.0,40405010.0,6446,1.505,657638,2017-06-01
2017,2,Corrientes,55262,3030109020.0,205080.0,1354,31.0,90097,2017-06-01
2017,2,Entre Ríos,108309,60706050.0,205040.0,6448,71.0,182732,2017-06-01
2017,2,Formosa,22493,604010.0,1070.0,1023,13.0,29956,2017-06-01
2017,2,Jujuy,33742,80805080.0,2020.0,0,35.0,42657,2017-06-01
2017,2,La Pampa,12754,40803010.0,50109040.0,6253,511.0,73022,2017-06-01
2017,2,La Rioja,16244,0.0,1050.0,2,28.0,16289,2017-06-01
2017,2,Mendoza,153331,103030.0,20508010.0,27,1.784,170753,2017-06-01
2017,2,Misiones,56752,4020902050.0,100030.0,5,9.0,99794,2017-06-01
2017,2,Neuquén,51794,50208030.0,10103030.0,11545,2.678,117433,2017-06-01
2017,2,Río Negro,67038,2090104070.0,906010.0,3213,1.26,101619,2017-06-01
2017,2,Salta,80184,20702080.0,101050.0,158,804.0,108541,2017-06-01
2017,2,San Juan,48670,405010.0,707020.0,1073,915.0,51881,2017-06-01
2017,2,San Luis,11432,101020.0,305040.0,26,375.0,13307,2017-06-01
2017,2,Santa Cruz,15311,20702020.0,10306050.0,4735,2.255,26388,2017-06-01
2017,2,Santa Fe,329813,2020801020.0,30203040.0,4958,1.173,567280,2017-06-01
2017,2,Santiago Del Estero,28337,3090.0,1090.0,911,29.0,33196,2017-06-01
2017,2,Tierra Del Fuego,22636,609050.0,606050.0,1,2.35,32557,2017-06-01
2017,2,Tucumán,149013,50202030.0,101060.0,14,45.0,154411,2017-06-01
2017,1,Buenos Aires,1559178,10406050801070.0,101080803090.0,21200,24.342,3189376,2017-03-01
2017,1,Capital Federal,428801,901080302080.0,3080205090.0,2730,10.928,1399046,2017-03-01
2017,1,Catamarca,26020,204080.0,1040.0,1,34.0,26317,2017-03-01
2017,1,Chaco,54430,3040207070.0,205020.0,52,39.0,89050,2017-03-01
2017,1,Chubut,43994,909090.0,901060.0,13194,4.793,63896,2017-03-01
2017,1,Córdoba,335673,209030407090.0,40807010.0,5782,1.394,641199,2017-03-01
2017,1,Corrientes,54993,3010909040.0,203060.0,1354,31.0,88608,2017-03-01
2017,1,Entre Ríos,108509,60509050.0,203000.0,6448,71.0,180353,2017-03-01
2017,1,Formosa,22438,60201050.0,1060.0,1023,13.0,29705,2017-03-01
2017,1,Jujuy,33869,90207080.0,2020.0,0,34.0,43203,2017-03-01
2017,1,La Pampa,12754,4070109050.0,50109040.0,6253,517.0,71913,2017-03-01
2017,1,La Rioja,16180,0.0,1050.0,2,28.0,16225,2017-03-01
2017,1,Mendoza,153326,103030.0,20508010.0,27,1.769,170733,2017-03-01
2017,1,Misiones,57363,40104020.0,100010.0,5,8.0,97619,2017-03-01
2017,1,Neuquén,51771,40801090.0,10102040.0,11665,2.67,115339,2017-03-01
2017,1,Río Negro,67075,2080708050.0,905040.0,3213,1.261,101288,2017-03-01
2017,1,Salta,79837,2060804050.0,101040.0,158,679.0,107633,2017-03-01
2017,1,San Juan,48670,405010.0,707020.0,1073,907.0,51873,2017-03-01
2017,1,San Luis,11432,101020.0,305040.0,26,375.0,13307,2017-03-01
2017,1,Santa Cruz,15502,20702020.0,10207020.0,4733,2.257,26486,2017-03-01
2017,1,Santa Fe,327458,2020609040.0,30201000.0,4948,1.172,562882,2017-03-01
2017,1,Santiago Del Estero,29616,3090.0,1090.0,911,29.0,34475,2017-03-01
2017,1,Tierra Del Fuego,22636,609050.0,606050.0,1,2.35,32557,2017-03-01
2017,1,Tucumán,147373,50202030.0,101060.0,14,45.0,152771,2017-03-01
2016,4,Buenos Aires,1563542,10401040607060.0,101080704070.0,21394,24.342,3142701,2016-12-01
2016,4,Capital Federal,434835,901040905020.0,3080106010.0,2583,10.928,1401459,2016-12-01
2016,4,Catamarca,26735,2050.0,1040.0,1,34.0,27034,2016-12-01
2016,4,Chaco,54974,3030503040.0,204080.0,52,39.0,88847,2016-12-01
2016,4,Chubut,43994,905050.0,901060.0,13107,4.793,63765,2016-12-01
2016,4,Córdoba,337368,208090304040.0,30306080.0,5686,789.0,636555,2016-12-01
2016,4,Corrientes,54981,3010409070.0,203030.0,1354,31.0,88096,2016-12-01
2016,4,Entre Ríos,109359,6040104010.0,202060.0,6448,71.0,180245,2016-12-01
2016,4,Formosa,22400,606010.0,1060.0,1023,13.0,29513,2016-12-01
2016,4,Jujuy,33838,80703010.0,2020.0,0,34.0,42625,2016-12-01
2016,4,La Pampa,12754,4070204050.0,50005040.0,6253,522.0,71828,2016-12-01
2016,4,La Rioja,16270,0.0,1060.0,2,28.0,16316,2016-12-01
2016,4,Mendoza,153320,103030.0,20507090.0,27,1.769,170725,2016-12-01
2016,4,Misiones,57983,3090209040.0,100000.0,5,8.0,97390,2016-12-01
2016,4,Neuquén,51742,4060308090.0,10102040.0,11910,2.67,113835,2016-12-01
2016,4,Río Negro,67057,2080407040.0,905040.0,3274,1.261,101020,2016-12-01
2016,4,Salta,79389,2060605070.0,101000.0,158,621.0,106935,2016-12-01
2016,4,San Juan,48670,405010.0,707020.0,1121,907.0,51921,2016-12-01
2016,4,San Luis,11432,101020.0,305040.0,26,375.0,13307,2016-12-01
2016,4,Santa Cruz,15607,20702020.0,10005050.0,4823,2.257,26464,2016-12-01
2016,4,Santa Fe,326721,202050709020.0,30200010.0,4946,1.172,561832,2016-12-01
2016,4,Santiago Del Estero,30192,3090.0,1090.0,911,29.0,35051,2016-12-01
2016,4,Tierra Del Fuego,22636,609050.0,606050.0,1,2.35,32557,2016-12-01
2016,4,Tucumán,146995,40408020.0,101060.0,14,45.0,151652,2016-12-01
2016,3,Buenos Aires,1574216,103050507070.0,101030406030.0,18867,24.276,3086592,2016-09-01
2016,3,Capital Federal,447726,90501050.0,3060709060.0,2514,10.963,1403104,2016-09-01
2016,3,Catamarca,26689,204080.0,1040.0,1,18.0,26970,2016-09-01
2016,3,Chaco,56251,30207030.0,203020.0,2,15.0,89230,2016-09-01
2016,3,Chubut,43987,903050.0,901060.0,13364,4.75,63952,2016-09-01
2016,3,Córdoba,348481,2080504080.0,20504000.0,5695,395.0,642591,2016-09-01
2016,3,Corrientes,55934,30801030.0,201070.0,1354,22.0,88340,2016-09-01
2016,3,Entre Ríos,112588,60108050.0,200060.0,6441,64.0,181149,2016-09-01
2016,3,Formosa,21800,509050.0,90.0,0,2.0,27716,2016-09-01
2016,3,Jujuy,34250,80203060.0,2020.0,0,30.0,42538,2016-09-01
2016,3,La Pampa,12751,4050905020.0,40901000.0,6236,515.0,70364,2016-09-01
2016,3,La Rioja,16891,0.0,1050.0,2,22.0,16930,2016-09-01
2016,3,Mendoza,153233,103030.0,20507060.0,28,1.757,170624,2016-09-01
2016,3,Misiones,59776,30801030.0,7090.0,5,7.0,97997,2016-09-01
2016,3,Neuquén,51752,4040703090.0,10009030.0,12402,2.617,112603,2016-09-01
2016,3,Río Negro,67043,2080409060.0,904020.0,3293,1.252,101026,2016-09-01
2016,3,Salta,80866,2060101030.0,9000.0,157,565.0,107791,2016-09-01
2016,3,San Juan,48670,405010.0,707000.0,1174,903.0,51968,2016-09-01
2016,3,San Luis,11432,10101030.0,305040.0,23,371.0,13293,2016-09-01
2016,3,Santa Cruz,15570,20702020.0,801070.0,4978,2.17,26257,2016-09-01
2016,3,Santa Fe,334911,2020301010.0,30003070.0,4862,1.19,567011,2016-09-01
2016,3,Santiago Del Estero,31730,3090.0,1090.0,3,8.0,35660,2016-09-01
2016,3,Tierra Del Fuego,22636,60207060.0,606050.0,1,2.347,31925,2016-09-01
2016,3,Tucumán,147259,308050.0,101060.0,53,41.0,151319,2016-09-01
2016,2,Buenos Aires,1579448,103050904090.0,101030007000.0,21163,25.661,3045291,2016-06-01
2016,2,Capital Federal,450644,8090202090.0,3060606090.0,2390,12.672,1394584,2016-06-01
2016,2,Catamarca,26262,204050.0,1040.0,1,34.0,26556,2016-06-01
2016,2,Chaco,56112,3010802050.0,202010.0,52,41.0,88251,2016-06-01
2016,2,Chubut,43977,806070.0,901060.0,13293,4.803,63856,2016-06-01
2016,2,Córdoba,348891,207070601050.0,10700090.0,5610,1.089,634914,2016-06-01
2016,2,Corrientes,55511,2090804050.0,200030.0,1354,43.0,86956,2016-06-01
2016,2,Entre Ríos,112809,5080706080.0,106090.0,6434,193.0,178373,2016-06-01
2016,2,Formosa,22101,50605080.0,60.0,1023,14.0,28802,2016-06-01
2016,2,Jujuy,33758,70307040.0,2020.0,0,35.0,41189,2016-06-01
2016,2,La Pampa,12754,4040605040.0,40700080.0,6225,547.0,68888,2016-06-01
2016,2,La Rioja,16691,0.0,1050.0,2,28.0,16736,2016-06-01
2016,2,Mendoza,153321,103030.0,20507060.0,29,1.868,170824,2016-06-01
2016,2,Misiones,59573,3060104050.0,7070.0,5,15.0,95815,2016-06-01
2016,2,Neuquén,51742,40203070.0,10008080.0,12466,2.849,110515,2016-06-01
2016,2,Río Negro,67031,208010.0,903090.0,3300,1.334,100704,2016-06-01
2016,2,Salta,79438,2040701090.0,8050.0,151,539.0,104932,2016-06-01
2016,2,San Juan,48670,405010.0,707000.0,1214,908.0,52013,2016-06-01
2016,2,San Luis,11432,106030.0,305040.0,30,377.0,13256,2016-06-01
2016,2,Santa Cruz,15453,20702020.0,309060.0,4996,2.586,26153,2016-06-01
2016,2,Santa Fe,336244,2010908080.0,20908010.0,4744,1.417,564474,2016-06-01
2016,2,Santiago Del Estero,32101,3090.0,1090.0,911,30.0,36961,2016-06-01
2016,2,Tierra Del Fuego,22636,507070.0,606050.0,1,2.35,31359,2016-06-01
2016,2,Tucumán,145486,20906080.0,101060.0,58,49.0,148677,2016-06-01
2016,1,Buenos Aires,1583560,1020805090.0,101010203010.0,21108,25.757,2942515,2016-03-01
2016,1,Capital Federal,454425,803020102060.0,3060303020.0,2284,12.729,1337896,2016-03-01
2016,1,Catamarca,26096,204030.0,1050.0,1,34.0,26389,2016-03-01
2016,1,Chaco,56353,2090909040.0,201010.0,52,41.0,86651,2016-03-01
2016,1,Chubut,43967,803040.0,901060.0,13280,4.803,63800,2016-03-01
2016,1,Córdoba,350884,205020304060.0,607040.0,5636,386.0,609926,2016-03-01
2016,1,Corrientes,55454,2080409010.0,109020.0,1354,45.0,85536,2016-03-01
2016,1,Entre Ríos,113101,5040904080.0,104060.0,6425,193.0,174813,2016-03-01
2016,1,Formosa,21852,504020.0,50.0,1023,14.0,28314,2016-03-01
2016,1,Jujuy,33481,60705010.0,2020.0,0,35.0,40289,2016-03-01
2016,1,La Pampa,12754,4010808010.0,40503060.0,6209,549.0,65929,2016-03-01
2016,1,La Rioja,16645,0.0,1060.0,2,28.0,16691,2016-03-01
2016,1,Mendoza,153299,103030.0,20507060.0,34,1.871,170810,2016-03-01
2016,1,Misiones,59538,30303030.0,7000.0,5,15.0,92958,2016-03-01
2016,1,Neuquén,51702,3060102020.0,10008050.0,12502,2.85,104261,2016-03-01
2016,1,Río Negro,66894,2070301020.0,903070.0,3341,1.338,99822,2016-03-01
2016,1,Salta,78973,2020704010.0,7030.0,132,507.0,102426,2016-03-01
2016,1,San Juan,48670,405010.0,707000.0,1195,908.0,51994,2016-03-01
2016,1,San Luis,11432,104020.0,305040.0,27,377.0,13232,2016-03-01
2016,1,Santa Cruz,15654,20702030.0,309060.0,5088,2.426,26287,2016-03-01
2016,1,Santa Fe,338052,2040801060.0,30001040.0,4686,1.428,551996,2016-03-01
2016,1,Santiago Del Estero,32838,3090.0,1090.0,911,30.0,37698,2016-03-01
2016,1,Tierra Del Fuego,22636,40803040.0,606050.0,1,2.35,30486,2016-03-01
2016,1,Tucumán,144233,20106050.0,101060.0,74,49.0,146637,2016-03-01
2015,4,Buenos Aires,1586343,102020306030.0,100030206090.0,20397,25.773,2959385,2015-12-01
2015,4,Capital Federal,455427,8070909050.0,1090801080.0,2273,12.758,1370226,2015-12-01
2015,4,Catamarca,26180,204020.0,1050.0,1,34.0,26472,2015-12-01
2015,4,Chaco,56818,2090405060.0,108060.0,52,41.0,86553,2015-12-01
2015,4,Chubut,43968,801010.0,901060.0,13521,4.803,64019,2015-12-01
2015,4,Córdoba,353530,2060606020.0,408000.0,5613,385.0,626070,2015-12-01
2015,4,Corrientes,55681,2080107080.0,107070.0,1354,45.0,85435,2015-12-01
2015,4,Entre Ríos,113983,5030401010.0,102020.0,6427,194.0,174137,2015-12-01
2015,4,Formosa,21734,50301040.0,40.0,1023,14.0,28089,2015-12-01
2015,4,Jujuy,32934,60903030.0,2020.0,0,35.0,39924,2015-12-01
2015,4,La Pampa,12755,40207050.0,40302070.0,6205,374.0,66366,2015-12-01
2015,4,La Rioja,16886,0.0,1060.0,2,28.0,16932,2015-12-01
2015,4,Mendoza,153293,103030.0,20507020.0,38,1.874,170807,2015-12-01
2015,4,Misiones,60252,3020503030.0,4080.0,5,15.0,92853,2015-12-01
2015,4,Neuquén,51680,30809020.0,10004080.0,12934,2.852,107416,2015-12-01
2015,4,Río Negro,66851,2070202010.0,901050.0,3407,1.328,99722,2015-12-01
2015,4,Salta,78744,2020404060.0,4070.0,129,554.0,101920,2015-12-01
2015,4,San Juan,48670,405010.0,707000.0,1230,908.0,52029,2015-12-01
2015,4,San Luis,11432,102050.0,305040.0,30,377.0,13218,2015-12-01
2015,4,Santa Cruz,15614,20702030.0,309060.0,5261,2.409,26403,2015-12-01
2015,4,Santa Fe,339843,201020901010.0,20808050.0,4596,1.437,561672,2015-12-01
2015,4,Santiago Del Estero,33582,40306050.0,1090.0,1139,30.0,39135,2015-12-01
2015,4,Tierra Del Fuego,22636,403010.0,606050.0,1,2.35,29953,2015-12-01
2015,4,Tucumán,144188,10605030.0,101060.0,88,50.0,146095,2015-12-01
2015,3,Buenos Aires,1585467,10108030809040.0,101030509000.0,19989,25.825,2928765,2015-09-01
2015,3,Capital Federal,454815,807010206020.0,3000907040.0,2229,12.788,1372068,2015-09-01
2015,3,Catamarca,25801,204020.0,1050.0,1,34.0,26093,2015-09-01
2015,3,Chaco,56282,20808090.0,108060.0,52,41.0,85370,2015-09-01
2015,3,Chubut,43964,709020.0,901060.0,13408,4.803,63883,2015-09-01
2015,3,Córdoba,351692,2060405050.0,10405000.0,5412,389.0,622998,2015-09-01
2015,3,Corrientes,55792,20706040.0,107060.0,1340,47.0,84959,2015-09-01
2015,3,Entre Ríos,113909,5010904050.0,102020.0,6261,197.0,172434,2015-09-01
2015,3,Formosa,21573,50206040.0,20.0,899,14.0,27752,2015-09-01
2015,3,Jujuy,32598,60809050.0,2020.0,0,35.0,39550,2015-09-01
2015,3,La Pampa,12755,4010808060.0,40007080.0,6195,557.0,65471,2015-09-01
2015,3,La Rioja,16725,0.0,1060.0,2,28.0,16771,2015-09-01
2015,3,Mendoza,153299,103030.0,20507020.0,42,1.88,170823,2015-09-01
2015,3,Misiones,59921,3010603050.0,4060.0,5,15.0,91622,2015-09-01
2015,3,Neuquén,47102,30606020.0,10004050.0,13051,2.798,100616,2015-09-01
2015,3,Río Negro,66806,20701030.0,901070.0,3415,1.346,99614,2015-09-01
2015,3,Salta,78064,2010608080.0,4070.0,129,645.0,100573,2015-09-01
2015,3,San Juan,48670,405010.0,707000.0,1231,908.0,52030,2015-09-01
2015,3,San Luis,11432,102050.0,305040.0,31,377.0,13219,2015-09-01
2015,3,Santa Cruz,15540,20701080.0,309060.0,5226,2.391,26271,2015-09-01
2015,3,Santa Fe,337042,2090607030.0,40106090.0,4426,1.428,556738,2015-09-01
2015,3,Santiago Del Estero,33886,40306050.0,1090.0,1097,30.0,39397,2015-09-01
2015,3,Tierra Del Fuego,22636,808050.0,606050.0,1,2.35,33737,2015-09-01
2015,3,Tucumán,142925,10103050.0,101060.0,88,50.0,144314,2015-09-01
2015,2,Buenos Aires,1581770,101040105020.0,101050606000.0,19268,26.04,2883790,2015-06-01
2015,2,Capital Federal,453178,805080304020.0,1090708060.0,2172,12.806,1346284,2015-06-01
2015,2,Catamarca,25387,204020.0,1050.0,1,34.0,25679,2015-06-01
2015,2,Chaco,55767,20708090.0,107090.0,52,41.0,83848,2015-06-01
2015,2,Chubut,43949,706020.0,901060.0,13055,4.803,63485,2015-06-01
2015,2,Córdoba,348130,205050509060.0,403050.0,5199,386.0,609746,2015-06-01
2015,2,Corrientes,55238,2060505030.0,105070.0,1321,47.0,83316,2015-06-01
2015,2,Entre Ríos,113378,4090706070.0,101090.0,6031,197.0,169492,2015-06-01
2015,2,Formosa,21097,50106040.0,20.0,737,50.0,27050,2015-06-01
2015,2,Jujuy,32183,50408020.0,2020.0,0,35.0,37722,2015-06-01
2015,2,La Pampa,12756,40802050.0,30701090.0,6190,562.0,64052,2015-06-01
2015,2,La Rioja,16463,0.0,1060.0,2,28.0,16509,2015-06-01
2015,2,Mendoza,153301,103030.0,20507020.0,38,1.882,170823,2015-06-01
2015,2,Misiones,59179,2090208030.0,3070.0,5,15.0,88519,2015-06-01
2015,2,Neuquén,47078,3040108030.0,10004040.0,12781,2.799,97885,2015-06-01
2015,2,Río Negro,66738,2060206080.0,901060.0,3457,1.348,98727,2015-06-01
2015,2,Salta,77214,20209070.0,4070.0,129,580.0,98267,2015-06-01
2015,2,San Juan,48670,405010.0,707000.0,1189,908.0,51988,2015-06-01
2015,2,San Luis,11432,102050.0,305040.0,33,377.0,13221,2015-06-01
2015,2,Santa Cruz,15343,207070.0,309060.0,4917,2.4,25763,2015-06-01
2015,2,Santa Fe,333117,2040608050.0,20807070.0,4320,1.389,546388,2015-06-01
2015,2,Santiago Del Estero,33873,40306050.0,1090.0,1091,30.0,39378,2015-06-01
2015,2,Tierra Del Fuego,22636,70902070.0,606050.0,1,2.35,33579,2015-06-01
2015,2,Tucumán,139944,407090.0,101060.0,88,50.0,140677,2015-06-01
2015,1,Buenos Aires,1583135,109060803060.0,103040107070.0,18754,28.94,2861842,2015-03-01
2015,1,Capital Federal,454934,804010704030.0,1090303040.0,1994,14.716,1332721,2015-03-01
2015,1,Catamarca,25033,204010.0,1060.0,1,41.0,25332,2015-03-01
2015,1,Chaco,54952,2060106010.0,106040.0,27,56.0,81360,2015-03-01
2015,1,Chubut,45645,701070.0,900060.0,12540,5.465,65273,2015-03-01
2015,1,Córdoba,343883,204070506040.0,401050.0,4645,450.0,596957,2015-03-01
2015,1,Corrientes,54649,2050307020.0,102090.0,1319,62.0,81531,2015-03-01
2015,1,Entre Ríos,112363,4070401010.0,100080.0,5943,245.0,166070,2015-03-01
2015,1,Formosa,21022,40905010.0,10.0,670,56.0,26700,2015-03-01
2015,1,Jujuy,31505,504080.0,2020.0,0,36.0,36611,2015-03-01
2015,1,La Pampa,13143,3090507010.0,30201050.0,6164,604.0,62697,2015-03-01
2015,1,La Rioja,16282,0.0,1060.0,2,33.0,16333,2015-03-01
2015,1,Mendoza,152433,103030.0,20504020.0,29,2.126,170160,2015-03-01
2015,1,Misiones,58262,2060803060.0,3000.0,5,13.0,85146,2015-03-01
2015,1,Neuquén,47518,3020105020.0,10002040.0,12088,2.96,95742,2015-03-01
2015,1,Río Negro,66274,2050201070.0,900070.0,3473,1.462,97333,2015-03-01
2015,1,Salta,76280,1090708010.0,4070.0,129,574.0,96811,2015-03-01
2015,1,San Juan,48441,405010.0,705050.0,1165,1.007,51819,2015-03-01
2015,1,San Luis,11414,102050.0,305010.0,30,412.0,13232,2015-03-01
2015,1,Santa Cruz,16215,2070.0,309020.0,4772,2.562,26641,2015-03-01
2015,1,Santa Fe,328809,1090903070.0,20804050.0,4239,1.507,536437,2015-03-01
2015,1,Santiago Del Estero,33813,40306050.0,1090.0,1020,35.0,39252,2015-03-01
2015,1,Tierra Del Fuego,22291,70902040.0,605070.0,1,2.583,33456,2015-03-01
2015,1,Tucumán,137857,101050.0,101060.0,88,100.0,138276,2015-03-01
2014,4,Buenos Aires,1575978,1070103050.0,102000502080.0,17728,32.038,2816407,2014-12-01
2014,4,Capital Federal,455785,8040202040.0,1070105050.0,1962,15.394,1330520,2014-12-01
2014,4,Catamarca,25192,204010.0,1060.0,0,44.0,25493,2014-12-01
2014,4,Chaco,55024,10901080.0,3010.0,0,62.0,66035,2014-12-01
2014,4,Chubut,48539,609070.0,809010.0,12256,6.159,68542,2014-12-01
2014,4,Córdoba,345157,2040405020.0,401090.0,3918,486.0,590432,2014-12-01
2014,4,Corrientes,54754,90502060.0,4000.0,1315,75.0,65710,2014-12-01
2014,4,Entre Ríos,112291,20302070.0,5070.0,5178,260.0,140813,2014-12-01
2014,4,Formosa,21245,40809060.0,10.0,0,65.0,26207,2014-12-01
2014,4,Jujuy,31349,40508030.0,2020.0,37,11.0,36002,2014-12-01
2014,4,La Pampa,16043,3040208010.0,501040.0,5894,648.0,57380,2014-12-01
2014,4,La Rioja,16352,0.0,1070.0,0,33.0,16402,2014-12-01
2014,4,Mendoza,151797,103030.0,20503040.0,31,2.222,169614,2014-12-01
2014,4,Misiones,58435,1080601030.0,1060.0,150,15.0,77229,2014-12-01
2014,4,Neuquén,47721,3010707080.0,10001040.0,11853,3.03,95396,2014-12-01
2014,4,Río Negro,66307,20307030.0,900010.0,3819,1.53,96260,2014-12-01
2014,4,Salta,76026,1070208090.0,4080.0,6,578.0,93947,2014-12-01
2014,4,San Juan,48653,405010.0,704000.0,1202,1.073,52119,2014-12-01
2014,4,San Luis,11419,902060.0,305050.0,24,423.0,13147,2014-12-01
2014,4,Santa Cruz,17553,404080.0,308080.0,4395,2.929,25713,2014-12-01
2014,4,Santa Fe,335267,10803090.0,30200050.0,6282,1.634,529397,2014-12-01
2014,4,Santiago Del Estero,34110,40203010.0,1090.0,920,37.0,39317,2014-12-01
2014,4,Tierra Del Fuego,21948,30606040.0,605050.0,1,2.722,28990,2014-12-01
2014,4,Tucumán,137093,9070.0,101060.0,13,105.0,137424,2014-12-01
2014,3,Buenos Aires,1562533,101010602080.0,102040407040.0,20049,31.881,2849565,2014-09-01
2014,3,Capital Federal,450155,8030304020.0,1070808060.0,1995,14.387,1317825,2014-09-01
2014,3,Catamarca,24380,204040.0,1050.0,0,47.0,24686,2014-09-01
2014,3,Chaco,53321,10303060.0,2090.0,1,59.0,63746,2014-09-01
2014,3,Chubut,49219,606080.0,808020.0,11853,6.515,69137,2014-09-01
2014,3,Córdoba,340212,2040303040.0,404040.0,4064,377.0,585431,2014-09-01
2014,3,Corrientes,52957,90108040.0,3010.0,1312,65.0,63549,2014-09-01
2014,3,Entre Ríos,108907,20204040.0,4080.0,5203,135.0,136733,2014-09-01
2014,3,Formosa,21021,40803060.0,0.0,0,80.0,25937,2014-09-01
2014,3,Jujuy,30128,30504010.0,2020.0,37,13.0,33741,2014-09-01
2014,3,La Pampa,16051,30309040.0,503080.0,11219,677.0,62425,2014-09-01
2014,3,La Rioja,15864,0.0,1040.0,1,37.0,15916,2014-09-01
2014,3,Mendoza,150120,103030.0,20501020.0,40,2.222,167924,2014-09-01
2014,3,Misiones,56933,1080307030.0,40.0,3,14.0,75327,2014-09-01
2014,3,Neuquén,54458,30906040.0,10000000.0,12858,3.087,102367,2014-09-01
2014,3,Río Negro,65264,20605090.0,808080.0,3533,1.505,97780,2014-09-01
2014,3,Salta,73828,1080309040.0,4030.0,109,580.0,92954,2014-09-01
2014,3,San Juan,48272,405010.0,703010.0,1199,1.126,51779,2014-09-01
2014,3,San Luis,11303,902050.0,305050.0,25,438.0,13046,2014-09-01
2014,3,Santa Cruz,17862,409020.0,308050.0,4273,3.098,26110,2014-09-01
2014,3,Santa Fe,325577,1080306030.0,40400070.0,6540,733.0,520887,2014-09-01
2014,3,Santiago Del Estero,32820,3090.0,1090.0,768,41.0,37548,2014-09-01
2014,3,Tierra Del Fuego,21840,30406090.0,605000.0,1,2.832,28792,2014-09-01
2014,3,Tucumán,131739,9070.0,101070.0,13,100.0,132066,2014-09-01
2014,2,Buenos Aires,1568881,1020504090.0,102000000080.0,17020,33.147,2764546,2014-06-01
2014,2,Capital Federal,447637,802080401010.0,1070702090.0,1883,14.555,1310215,2014-06-01
2014,2,Catamarca,24380,204030.0,1070.0,0,43.0,24683,2014-06-01
2014,2,Chaco,53321,908070.0,3000.0,0,58.0,63279,2014-06-01
2014,2,Chubut,51070,604090.0,806060.0,10960,6.974,70519,2014-06-01
2014,2,Córdoba,337825,203040702090.0,305010.0,3673,374.0,576952,2014-06-01
2014,2,Corrientes,52883,806080.0,3010.0,1309,55.0,62958,2014-06-01
2014,2,Entre Ríos,108900,20107060.0,4090.0,4795,133.0,135583,2014-06-01
2014,2,Formosa,20894,40602080.0,0.0,0,78.0,25600,2014-06-01
2014,2,Jujuy,30128,40106010.0,2030.0,40,9.0,34361,2014-06-01
2014,2,La Pampa,15957,302060.0,501030.0,5869,689.0,55628,2014-06-01
2014,2,La Rioja,15864,0.0,1040.0,0,34.0,15912,2014-06-01
2014,2,Mendoza,148979,103030.0,20408000.0,36,2.282,166807,2014-06-01
2014,2,Misiones,56933,1070509040.0,40.0,150,8.0,74689,2014-06-01
2014,2,Neuquén,47767,2090707060.0,909070.0,10765,2.983,92288,2014-06-01
2014,2,Río Negro,64920,2040904040.0,807060.0,3657,1.56,95957,2014-06-01
2014,2,Salta,73841,10705040.0,4050.0,7,577.0,91974,2014-06-01
2014,2,San Juan,48161,405010.0,702020.0,1139,1.173,51646,2014-06-01
2014,2,San Luis,11306,902050.0,305040.0,22,448.0,13055,2014-06-01
2014,2,Santa Cruz,18956,404080.0,308010.0,4118,3.266,27169,2014-06-01
2014,2,Santa Fe,324101,107080409050.0,30008050.0,6041,636.0,512358,2014-06-01
2014,2,Santiago Del Estero,32820,40203010.0,1090.0,907,34.0,38011,2014-06-01
2014,2,Tierra Del Fuego,21618,3080.0,604080.0,1,2.934,28209,2014-06-01
2014,2,Tucumán,131740,9070.0,102010.0,13,98.0,132069,2014-06-01
2014,1,Buenos Aires,1567685,10807090.0,102000906000.0,16528,33.824,2739876,2014-03-01
2014,1,Capital Federal,445569,8020106010.0,1070706070.0,1866,14.555,1299918,2014-03-01
2014,1,Catamarca,24126,4060.0,1070.0,0,43.0,24232,2014-03-01
2014,1,Chaco,52971,90409070.0,3000.0,0,58.0,62556,2014-03-01
2014,1,Chubut,51066,503090.0,806060.0,10776,6.974,70221,2014-03-01
2014,1,Córdoba,336841,202050706090.0,304070.0,3585,368.0,566910,2014-03-01
2014,1,Corrientes,52565,80207090.0,3010.0,1306,55.0,62236,2014-03-01
2014,1,Entre Ríos,107883,2010307090.0,4090.0,4887,133.0,134331,2014-03-01
2014,1,Formosa,20774,40504080.0,0.0,0,100.0,25422,2014-03-01
2014,1,Jujuy,29765,4030.0,2030.0,0,9.0,33827,2014-03-01
2014,1,La Pampa,15826,30103050.0,501030.0,5848,701.0,54193,2014-03-01
2014,1,La Rioja,15663,0.0,1040.0,0,34.0,15711,2014-03-01
2014,1,Mendoza,148970,10207060.0,20408000.0,37,2.282,165845,2014-03-01
2014,1,Misiones,56597,1070109010.0,40.0,150,8.0,73950,2014-03-01
2014,1,Neuquén,47790,2080106010.0,909070.0,10381,3.051,90380,2014-03-01
2014,1,Río Negro,64886,2040105060.0,807060.0,3576,1.572,95066,2014-03-01
2014,1,Salta,73131,1070503080.0,4050.0,8,568.0,91290,2014-03-01
2014,1,San Juan,48161,403040.0,702020.0,808,1.173,51298,2014-03-01
2014,1,San Luis,11306,402080.0,305040.0,21,448.0,12557,2014-03-01
2014,1,Santa Cruz,18927,10.0,308010.0,4092,3.264,26764,2014-03-01
2014,1,Santa Fe,322662,107040209060.0,30005090.0,5951,644.0,506612,2014-03-01
2014,1,Santiago Del Estero,32567,30509080.0,1090.0,915,34.0,37133,2014-03-01
2014,1,Tierra Del Fuego,21618,20803070.0,604080.0,1,2.934,28038,2014-03-01
2014,1,Tucumán,129717,8030.0,102010.0,13,98.0,130032,2014-03-01
